episode,steps,X,Y,yaw,steer,throttle,action,reward,done,all_wheels_on_track,progress,closest_waypoint,track_len,tstamp,episode_status,pause_duration
20,1.0,0.3226934141366856,2.691082040205974,-83.97876533381009,-15.0,1.5,2,0.0,False,True,0.6069228625261279,1,23.11822180235112,70.2,prepare,0.0
20,2.0,0.32260278540823284,2.6912106286514224,-83.97342701792255,-15.0,2.5,3,36.56643730048583,False,True,0.6063287460097166,1,23.11822180235112,70.261,in_progress,0.0
20,3.0,0.3232599372098725,2.685292529603622,-84.01105704060906,-30.0,1.5,0,23.319496898002367,False,True,0.632084906940071,1,23.11822180235112,70.343,in_progress,0.0
20,4.0,0.3280988286483141,2.661992799192657,-83.44047382960782,-15.0,2.5,3,24.62122382212838,False,True,0.7348489528851352,1,23.11822180235112,70.411,in_progress,0.0
20,5.0,0.33440403116571016,2.623165501496314,-83.01587709863436,15.0,2.5,7,24.34935573253935,False,True,0.9049677866269676,1,23.11822180235112,70.477,in_progress,0.0
20,6.0,0.34210764647221925,2.5788180751008487,-82.54357318202686,0.0,2.5,5,24.576314397029254,False,True,1.0995788638217552,2,23.11822180235112,70.538,in_progress,0.0
20,7.0,0.3516582044007803,2.5188090831504932,-82.13049453573433,-30.0,2.5,1,25.725476677256907,False,True,1.3632833674079834,2,23.11822180235112,70.605,in_progress,0.0
20,8.0,0.36111604664138264,2.4283382241024527,-82.90338202938841,30.0,2.5,9,28.192955733347553,False,True,1.7554364586678042,3,23.11822180235112,70.671,in_progress,0.0
20,9.0,0.367400802461411,2.328004921039599,-84.2791939073709,0.0,1.5,4,26.517723705173992,False,True,2.1840951334656595,3,23.11822180235112,70.739,in_progress,0.0
20,10.0,0.378175470076549,2.224988875281382,-84.22386072181578,-15.0,2.5,3,32.49092059314977,False,True,2.6240920593149766,4,23.11822180235112,70.807,in_progress,0.0
20,11.0,0.38806743741512195,2.1015226349437977,-84.78581204632265,15.0,2.5,7,34.89528741188515,False,True,3.1509816153073666,5,23.11822180235112,70.874,in_progress,0.0
20,12.0,0.39661362965988584,1.9887957624303059,-85.16630301369763,15.0,1.5,6,32.36791704475249,False,True,3.614150045370299,6,23.11822180235112,70.943,in_progress,0.0
20,13.0,0.4115431830642779,1.8549393209331857,-84.43208407619159,15.0,2.5,7,38.16757971611098,False,True,4.149285363094427,6,23.11822180235112,71.01,in_progress,0.0
20,14.0,0.43213572619516527,1.7232131103985555,-82.84477487698578,-30.0,2.5,1,39.51043264202191,False,True,4.656460569883068,7,23.11822180235112,71.069,in_progress,0.0
20,15.0,0.45589933527135873,1.5839227861379972,-81.7453922579204,30.0,2.5,9,41.10644690594905,False,True,5.228467035892358,8,23.11822180235112,71.143,in_progress,0.0
20,16.0,0.47907444071257355,1.4251124936024069,-81.73158801769358,-30.0,1.5,0,38.455766145702256,False,True,5.792922583312361,9,23.11822180235112,71.205,in_progress,0.0
20,17.0,0.5004565461067811,1.3046468048949904,-81.0137361897128,-30.0,2.5,1,42.22727377377521,False,True,6.116136541541786,9,23.11822180235112,71.27,in_progress,0.0
20,18.0,0.5225075596703604,1.1172049658403445,-82.64009564391311,30.0,2.5,9,42.55466670007278,False,True,6.5348400060131,10,23.11822180235112,71.354,in_progress,0.0
20,19.0,0.5266771023214899,1.0255383039162602,-84.36815815638421,30.0,2.5,9,41.806087325493316,False,True,6.75565659184373,10,23.11822180235112,71.407,in_progress,0.0
20,20.0,0.5383419933910087,0.8540474831519385,-85.2803409333286,30.0,1.5,8,0.01,False,False,7.187599932695239,11,23.11822180235112,71.467,in_progress,0.0
20,21.0,0.5608190776237657,0.695149665937017,-83.48579218229135,-15.0,1.5,2,0.01,False,False,7.188864089644702,11,23.11822180235112,71.535,in_progress,0.0
20,22.0,0.5878945901157199,0.5757840965731754,-80.80112283196573,-30.0,2.5,1,0.01,True,False,7.542136235896717,12,23.11822180235112,71.607,off_track,0.0
21,1.0,0.6599896499291542,1.5939277384541497,-62.65721844291383,0.0,2.5,5,0.0,False,True,0.604752050855839,9,23.11822180235112,71.948,prepare,0.0
21,2.0,0.6601969289473452,1.5932317188708336,-62.694323883019955,30.0,1.5,8,32.63835057613966,False,True,0.6077670115227931,9,23.11822180235112,72.009,in_progress,0.0
21,3.0,0.6631970266574941,1.5879235124851345,-62.655641073842034,-15.0,2.5,3,27.3864903909021,False,True,0.634094711727063,9,23.11822180235112,72.078,in_progress,0.0
21,4.0,0.6744802504669931,1.564640771609084,-62.8374614241748,0.0,1.5,4,20.87915960174771,False,True,0.7451663840699084,9,23.11822180235112,72.136,in_progress,0.0
21,5.0,0.6853963072629752,1.537279521266011,-63.53552724154034,30.0,2.5,9,23.65378502083191,False,True,0.8701892510415955,9,23.11822180235112,72.205,in_progress,0.0
21,6.0,0.706337246752013,1.4924867709098035,-63.80271595673499,-15.0,1.5,2,20.035931476882556,False,True,1.0671558886129535,9,23.11822180235112,72.273,in_progress,0.0
21,7.0,0.7368800381341225,1.4292388564960226,-63.95178623863212,30.0,1.5,8,21.70133898402527,False,True,1.3615937288817688,10,23.11822180235112,72.332,in_progress,0.0
21,8.0,0.7714161259066256,1.3618409570566965,-63.6594101808747,0.0,2.5,5,26.63193121682033,False,True,1.6305544973456265,10,23.11822180235112,72.406,in_progress,0.0
21,9.0,0.8133512053810479,1.2858483081507959,-62.878393634157604,30.0,1.5,8,24.259760641429036,False,True,1.9808784577286132,11,23.11822180235112,72.495,in_progress,0.0
21,10.0,0.8825567294703903,1.1758821938347144,-60.598153425752656,0.0,2.5,5,30.196615297324307,False,True,2.394661529732431,11,23.11822180235112,72.544,in_progress,0.0
21,11.0,0.9459697371630202,1.0879383448861017,-58.087103930669834,0.0,1.5,4,27.879607808206085,False,True,2.819256858902669,12,23.11822180235112,72.605,in_progress,0.0
21,12.0,1.000643637252273,1.0164696104212516,-56.19490410037866,30.0,1.5,8,27.013596119361367,False,True,2.971631534323364,12,23.11822180235112,72.677,in_progress,0.0
21,13.0,1.0685299123340888,0.9328386561181148,-54.11466976047806,-15.0,1.5,2,28.11004602169995,False,True,3.361805982820994,13,23.11822180235112,72.746,in_progress,0.0
21,14.0,1.1481051871171077,0.8518441794226722,-50.66594490200665,30.0,2.5,9,31.31317645934879,False,True,3.5088447043088307,13,23.11822180235112,72.803,in_progress,0.0
21,15.0,1.217657685468435,0.7857088874955317,-48.05037368542405,15.0,1.5,6,27.872310549397813,False,True,3.843346582409672,14,23.11822180235112,72.868,in_progress,0.0
21,16.0,1.3350640603970128,0.6969652965820997,-42.57634572093605,-15.0,1.5,2,28.16080923637773,False,True,4.145729477820437,14,23.11822180235112,72.949,in_progress,0.0
21,17.0,1.4218789626755919,0.6384356247083325,-39.15546660891001,-15.0,1.5,2,0.01,False,False,4.4803439318855585,15,23.11822180235112,73.01,in_progress,0.0
21,18.0,1.5131422096569174,0.5764169774517979,-37.2195882269526,15.0,1.5,6,0.01,False,False,4.799180164091339,15,23.11822180235112,73.075,in_progress,0.0
21,19.0,1.6064659333002456,0.5147439337905847,-35.66651835028499,0.0,2.5,5,0.01,False,False,5.0611374137507426,15,23.11822180235112,73.142,in_progress,0.0
21,20.0,1.6913887689375706,0.4628851313836636,-34.16581825436203,0.0,2.5,5,0.01,True,False,5.409315882683307,16,23.11822180235112,73.214,off_track,0.0
22,1.0,1.6771244378797912,1.2100809523131346,4.64575813091523,0.0,2.5,5,0.0,False,True,0.6066924015227154,16,23.11822180235112,73.553,prepare,0.0
22,2.0,1.677241688936441,1.2102228082638435,4.682578462444385,30.0,1.5,8,32.613864911497686,False,True,0.6072772982299537,16,23.11822180235112,73.609,in_progress,0.0
22,3.0,1.6834402758408447,1.2114373039657589,4.743358190525002,-30.0,2.5,1,27.401740004240242,False,True,0.6345522001272073,16,23.11822180235112,73.677,in_progress,0.0
22,4.0,1.7037279690254872,1.2154476999502752,5.293241263594085,15.0,2.5,7,24.346056395027897,False,True,0.7238422558011159,16,23.11822180235112,73.739,in_progress,0.0
22,5.0,1.7503976619679198,1.2212424211443438,5.578827366629232,30.0,1.5,8,20.79508393113688,False,True,0.9272541965568439,17,23.11822180235112,73.807,in_progress,0.0
22,6.0,1.7962716350153094,1.2314169142306106,6.876863244536125,0.0,1.5,4,21.08631375868102,False,True,1.1301788255208611,17,23.11822180235112,73.859,in_progress,0.0
22,7.0,1.8605270599350063,1.2494245143983822,9.102074608325053,-15.0,2.5,3,26.493254840704914,False,True,1.417027838849344,17,23.11822180235112,73.942,in_progress,0.0
22,8.0,1.9433466659302696,1.2691556806675814,10.477277443114374,-15.0,1.5,2,24.557665289489716,False,True,1.7846132231591774,18,23.11822180235112,74.011,in_progress,0.0
22,9.0,2.0359081143210696,1.287302422835898,10.762004281048902,15.0,2.5,7,30.610610699026346,False,True,2.1924549629123713,19,23.11822180235112,74.071,in_progress,0.0
22,10.0,2.142536711207378,1.3077912900303772,10.833299861982358,30.0,1.5,8,28.866460971008145,False,True,2.6616460971008142,19,23.11822180235112,74.131,in_progress,0.0
22,11.0,2.236232387737797,1.3317500221014256,12.08914210818825,30.0,2.5,9,34.22573233977335,False,True,3.0773305573750687,20,23.11822180235112,74.205,in_progress,0.0
22,12.0,2.3736528469018454,1.3844343233206666,16.639141775286433,0.0,2.5,5,37.08093969825,False,True,3.69971276379,21,23.11822180235112,74.276,in_progress,0.0
22,13.0,2.4841149462471868,1.4398519851031244,21.03637260783832,-30.0,2.5,1,38.39479546738824,False,True,4.178823410760471,22,23.11822180235112,74.344,in_progress,0.0
22,14.0,2.616476704406957,1.5085367989311245,24.210366880451264,15.0,2.5,7,39.76944862471697,False,True,4.692722807460376,22,23.11822180235112,74.407,in_progress,0.0
22,15.0,2.7369599996263383,1.571192635092785,25.712513350088912,-15.0,1.5,2,36.174456932267574,False,True,5.0886685398401355,23,23.11822180235112,74.473,in_progress,0.0
22,16.0,2.8762560685316094,1.6483740169884722,27.419036598457065,0.0,1.5,4,37.49480020730617,False,True,5.639168033168987,24,23.11822180235112,74.535,in_progress,0.0
22,17.0,2.97687539676055,1.7040544430465712,28.07112793033712,15.0,1.5,6,35.93924267799977,False,True,5.727171255259961,24,23.11822180235112,74.602,in_progress,0.0
22,18.0,3.0871126120636805,1.7779365824217235,30.77802921952742,-15.0,1.5,2,0.01,False,False,6.08256962461483,25,23.11822180235112,74.675,in_progress,0.0
22,19.0,3.181216321650158,1.8460884449301593,32.88396355617089,-30.0,1.5,0,0.01,False,False,6.333344847275171,25,23.11822180235112,74.741,in_progress,0.0
22,20.0,3.264797271040994,1.902795491147244,33.38155315019879,-30.0,2.5,1,0.01,False,False,6.333344847275171,25,23.11822180235112,74.805,in_progress,0.0
22,21.0,3.367348669782607,1.9598831342226066,31.477513411311662,15.0,1.5,6,0.01,True,False,6.379253783105557,25,23.11822180235112,74.867,off_track,0.0
23,1.0,2.823476781532127,1.3298324703027926,-1.5298491013595907,30.0,2.5,9,0.0,False,True,0.6038780203272004,24,23.11822180235112,75.164,prepare,0.0
23,2.0,2.8233940671857076,1.3300318003757265,-1.4800384881199633,30.0,1.5,8,32.42021384580973,False,True,0.6034042769161946,24,23.11822180235112,75.199,in_progress,0.0
23,3.0,2.825410669667587,1.330183247315401,-1.4491193752967135,-15.0,1.5,2,22.648417025308348,False,True,0.6119525107592505,24,23.11822180235112,75.274,in_progress,0.0
23,4.0,2.8488002117113047,1.3293673904817438,-1.5941771065777464,-15.0,1.5,2,19.71613678908257,False,True,0.6986454715633028,24,23.11822180235112,75.336,in_progress,0.0
23,5.0,2.878957257801461,1.3291287748706602,-1.4933767517251417,15.0,1.5,6,18.711674409893213,False,True,0.8230837204946606,24,23.11822180235112,75.399,in_progress,0.0
23,6.0,2.94175592031186,1.33012186793585,-0.9513838269961135,-15.0,2.5,3,24.253827264208986,False,True,1.0802296358525392,25,23.11822180235112,75.475,in_progress,0.0
23,7.0,2.995740317694924,1.3315058638966613,-0.4489220036881555,15.0,1.5,6,20.829678733678186,False,True,1.300577511357473,25,23.11822180235112,75.557,in_progress,0.0
23,8.0,3.1038415665151255,1.3330774117554103,0.05613503707112663,-30.0,2.5,1,26.979621023752205,False,True,1.6583696819001763,25,23.11822180235112,75.598,in_progress,0.0
23,9.0,3.1489874168447356,1.3352927301278399,0.5448549184528205,15.0,2.5,7,26.537348839048303,False,True,1.8258613955143472,26,23.11822180235112,75.672,in_progress,0.0
23,10.0,3.2657178952560386,1.3373837814312777,0.7018576467169376,15.0,1.5,6,23.504835354455633,False,True,2.125483535445563,26,23.11822180235112,75.727,in_progress,0.0
23,11.0,3.368953547904433,1.3459694628290642,2.277774423199581,30.0,2.5,9,28.586655586448686,False,True,2.4570321145093557,27,23.11822180235112,75.812,in_progress,0.0
23,12.0,3.4904811755432528,1.3632453484465488,4.890706546181586,30.0,1.5,8,24.244674018024764,False,True,2.639360882162972,27,23.11822180235112,75.854,in_progress,0.0
23,13.0,3.614031915221229,1.395737883451224,9.324983586718107,-30.0,2.5,1,28.431556818225314,False,True,2.883602386369291,27,23.11822180235112,75.94,in_progress,0.0
23,14.0,3.7190498802525638,1.4327328783470954,13.581566941791456,-30.0,1.5,0,0.01,False,False,3.0878690735741845,28,23.11822180235112,76.009,in_progress,0.0
23,15.0,3.832047636713382,1.4764845450615494,17.02352872141226,-30.0,2.5,1,0.01,False,False,3.2925910192581007,28,23.11822180235112,76.073,in_progress,0.0
23,16.0,3.929831123407228,1.5132699887887566,18.408550723231052,-15.0,1.5,2,0.01,True,False,3.2925910192581007,28,23.11822180235112,76.142,off_track,0.0
24,1.0,3.6751753668455636,0.5774896628846716,-49.97998099725843,15.0,1.5,6,0.0,False,True,0.6042528424555077,32,23.11822180235112,76.409,prepare,0.0
24,2.0,3.6751399251267927,0.5775528423257384,-49.96670090964449,15.0,1.5,6,32.4476423905663,False,True,0.603952847811326,32,23.11822180235112,76.469,in_progress,0.0
24,3.0,3.6810124831175655,0.5710061718447529,-49.920067654056346,-30.0,2.5,1,27.64644512064017,False,True,0.6418933536192051,32,23.11822180235112,76.545,in_progress,0.0
24,4.0,3.695470530805981,0.5520005717859742,-50.2839016200035,0.0,1.5,4,20.849165719992914,False,True,0.7439666287997165,32,23.11822180235112,76.617,in_progress,0.0
24,5.0,3.7174549598523945,0.5239536174544751,-50.56907112423262,30.0,1.5,8,20.18237016473592,False,True,0.8966185082367961,32,23.11822180235112,76.675,in_progress,0.0
24,6.0,3.7470862070474515,0.4856699190270482,-50.95187761270176,-15.0,2.5,3,24.434304621816867,False,True,1.091058277309012,32,23.11822180235112,76.74,in_progress,0.0
24,7.0,3.790406413207995,0.4349846099052611,-50.63267473072441,-30.0,1.5,0,21.87044282135565,False,True,1.3734309974948955,33,23.11822180235112,76.819,in_progress,0.0
24,8.0,3.831192297121037,0.3783272764891139,-51.66154318765811,-15.0,1.5,2,22.661134655868686,False,True,1.6328907724694948,33,23.11822180235112,76.864,in_progress,0.0
24,9.0,3.882887626707234,0.2938800203227226,-54.237481205423805,-15.0,1.5,2,24.633834247629267,False,True,2.014545082286634,34,23.11822180235112,76.947,in_progress,0.0
24,10.0,3.92660995544475,0.21145111161146568,-57.001123781423054,30.0,1.5,8,25.177137561873728,False,True,2.2927137561873727,34,23.11822180235112,77.008,in_progress,0.0
24,11.0,3.9694399846060615,0.1329492756387851,-58.506206212373996,-15.0,1.5,2,25.95095337482715,False,True,2.6071048712309866,35,23.11822180235112,77.081,in_progress,0.0
24,12.0,4.014423198897117,0.05159652294946321,-59.39968324322705,15.0,2.5,7,30.138409296804426,False,True,2.866609115616531,35,23.11822180235112,77.148,in_progress,0.0
24,13.0,4.065695371749508,-0.04693578756556646,-60.63577688634683,15.0,2.5,7,30.663995235077394,False,True,3.173819380560061,35,23.11822180235112,77.203,in_progress,0.0
24,14.0,4.174338231567873,-0.22849241900496012,-59.55732048100559,0.0,2.5,5,32.51098360041668,False,True,3.676537704058336,36,23.11822180235112,77.267,in_progress,0.0
24,15.0,4.2087106696537875,-0.2862052044586962,-59.483090655823275,-30.0,2.5,1,0.01,False,False,3.8821140280361988,37,23.11822180235112,77.347,in_progress,0.0
24,16.0,4.285013551926655,-0.42518939062597916,-60.62439900902073,30.0,1.5,8,0.01,False,False,4.173435978506035,37,23.11822180235112,77.399,in_progress,0.0
24,17.0,4.332471450575745,-0.5200652282827315,-61.74075212753128,-15.0,1.5,2,0.01,False,False,4.3338970290443255,37,23.11822180235112,77.476,in_progress,0.0
24,18.0,4.401539047931043,-0.650659063736706,-61.97790760977641,30.0,1.5,8,0.01,True,False,4.712957128677014,38,23.11822180235112,77.544,off_track,0.0
25,1.0,4.733637470412617,0.1783818001728409,-2.789020294405599,-15.0,2.5,3,0.0,False,True,0.6064652638252455,40,23.11822180235112,77.808,prepare,0.0
25,2.0,4.733384760177003,0.1781829384202177,-2.8212702523352458,30.0,2.5,9,36.51666567801789,False,True,0.6053333135603578,40,23.11822180235112,77.868,in_progress,0.0
25,3.0,4.738033225858021,0.17880053244980249,-2.6118858365000674,-15.0,1.5,2,23.101439307276177,False,True,0.6255431792182853,40,23.11822180235112,77.942,in_progress,0.0
25,4.0,4.763071352179817,0.18173552422077818,-1.5030031330889364,15.0,2.5,7,24.60803022109117,False,True,0.7343212088436468,40,23.11822180235112,78.008,in_progress,0.0
25,5.0,4.796124765019651,0.18611520820901767,-0.26460047160949796,-30.0,1.5,0,19.8104650191461,False,True,0.8780232509573049,41,23.11822180235112,78.068,in_progress,0.0
25,6.0,4.8609755871872045,0.19088919101250254,0.752850239548515,-30.0,2.5,1,25.592588208529076,False,True,1.1605552925117446,41,23.11822180235112,78.112,in_progress,0.0
25,7.0,4.907914175794473,0.19295357733044136,1.0721290204812257,15.0,1.5,6,21.721411949801762,False,True,1.3629988364861234,41,23.11822180235112,78.198,in_progress,0.0
25,8.0,4.999236348234395,0.1937195131539149,0.9036299001802988,-15.0,2.5,3,28.18767125367736,False,True,1.755013700294189,42,23.11822180235112,78.265,in_progress,0.0
25,9.0,5.088629733979223,0.19439381717944493,0.717220251907621,15.0,1.5,6,25.903363109845976,False,True,2.128802679886138,43,23.11822180235112,78.337,in_progress,0.0
25,10.0,5.1819986391698984,0.19405035026583414,0.3633175471548821,15.0,1.5,6,27.23026629159378,False,True,2.498026629159378,43,23.11822180235112,78.407,in_progress,0.0
25,11.0,5.300433906170741,0.19659180655004696,0.7085389384663996,30.0,2.5,9,33.39870999034582,False,True,2.986358098938041,44,23.11822180235112,78.462,in_progress,0.0
25,12.0,5.400878444516948,0.20230520443304206,1.6694031649334427,0.0,2.5,5,34.181079191463965,False,True,3.3517295029756755,44,23.11822180235112,78.545,in_progress,0.0
25,13.0,5.525877123783917,0.21897782638457924,4.299954206222696,30.0,1.5,8,31.623660211009213,False,True,3.8185758274311974,45,23.11822180235112,78.614,in_progress,0.0
25,14.0,5.630556610016668,0.24223737072810367,7.584501900699904,-30.0,2.5,1,36.69749174921377,False,True,4.262648844889927,46,23.11822180235112,78.679,in_progress,0.0
25,15.0,5.757426855443713,0.27933656296928955,11.599521313922176,15.0,1.5,6,34.06487159489619,False,True,4.772230739234429,47,23.11822180235112,78.745,in_progress,0.0
25,16.0,5.862239261045442,0.31552679676194717,14.76427372091447,15.0,2.5,7,38.6820640130208,False,True,5.189130242083328,47,23.11822180235112,78.802,in_progress,0.0
25,17.0,5.9978956359333315,0.37423075193001226,19.139595591575215,-30.0,2.5,1,40.14066140824815,False,True,5.761412439402186,48,23.11822180235112,78.874,in_progress,0.0
25,18.0,6.1132660394662315,0.43070646704704096,22.31633975236305,15.0,1.5,6,37.28557376612657,False,True,6.306403277902783,49,23.11822180235112,78.938,in_progress,0.0
25,19.0,6.234171701195375,0.4940010926640375,24.969874109754514,0.0,1.5,4,38.19861434844385,False,True,6.830236726204331,50,23.11822180235112,79.0,in_progress,0.0
25,20.0,6.350361961011082,0.5654217398791188,28.16875418607297,-15.0,1.5,2,39.05051952139859,False,True,7.360103904279719,51,23.11822180235112,79.092,in_progress,0.0
25,21.0,6.465623859594927,0.6357393200872632,29.673833688796957,0.0,1.5,4,39.79800688825529,False,True,7.88508144653361,51,23.11822180235112,79.138,in_progress,0.0
25,22.0,6.539283950673918,0.681254811058289,30.399105279137938,0.0,1.5,4,39.758723099737296,False,True,8.251919081942205,52,23.11822180235112,79.208,in_progress,0.0
25,23.0,6.6338966614812565,0.742183198094883,31.35790885410509,15.0,1.5,6,39.999566902151535,False,True,8.682400387494853,53,23.11822180235112,79.26,in_progress,0.0
25,24.0,6.722527294865949,0.8024615497628262,32.538642605395516,0.0,1.5,4,40.12802537639861,False,True,9.090726090335666,53,23.11822180235112,79.327,in_progress,0.0
25,25.0,6.812591873895495,0.8721083703543258,34.65114660573744,-15.0,2.5,3,44.56089496481699,False,True,9.577723741204247,54,23.11822180235112,79.404,in_progress,0.0
25,26.0,6.9326104031409495,0.9580964416707957,35.05823513073248,-30.0,1.5,0,0.01,False,False,10.154456359240783,55,23.11822180235112,79.452,in_progress,0.0
25,27.0,7.027975930239676,1.0124768484386482,32.75550264982999,15.0,1.5,6,0.01,False,False,10.55327772071768,55,23.11822180235112,79.531,in_progress,0.0
25,28.0,7.113414001107525,1.0582846690799013,31.10674882850652,-30.0,2.5,1,0.01,False,False,10.937085252779427,56,23.11822180235112,79.608,in_progress,0.0
25,29.0,7.250199002159573,1.1252776405985423,28.438489093753354,0.0,2.5,5,0.01,False,False,11.492006904786134,57,23.11822180235112,79.669,in_progress,0.0
25,30.0,7.352403546338756,1.164396638473327,25.37528371156499,30.0,2.5,9,0.01,False,False,11.841697847538441,57,23.11822180235112,79.741,in_progress,0.0
25,31.0,7.5149113623562664,1.2291815027887525,23.316091644253678,0.0,2.5,5,0.01,True,False,12.430579024991529,58,23.11822180235112,79.807,off_track,0.0
26,1.0,5.8001716419253215,0.5739407905558374,32.17096113620254,15.0,2.5,7,0.0,False,True,0.605823234872821,48,23.11822180235112,80.063,prepare,0.0
26,2.0,5.800171684019963,0.5737867390774338,32.155929334377355,-30.0,2.5,1,36.52217414363653,False,True,0.6054434828727306,48,23.11822180235112,80.131,in_progress,0.0
26,3.0,5.804822982862531,0.5769365817414025,32.19990592443462,0.0,2.5,5,27.241361304067425,False,True,0.6297408391220227,48,23.11822180235112,80.208,in_progress,0.0
26,4.0,5.8239391776082625,0.586471316147315,31.67787262042958,-15.0,1.5,2,20.236167995621276,False,True,0.7194467198248511,48,23.11822180235112,80.279,in_progress,0.0
26,5.0,5.864021656299154,0.6066135930173364,30.74051473532309,0.0,1.5,4,20.453129494795412,False,True,0.9101564747397706,48,23.11822180235112,80.331,in_progress,0.0
26,6.0,5.923795787529855,0.635340202005531,29.424969786601892,-15.0,1.5,2,22.101999710299253,False,True,1.1911199826179553,49,23.11822180235112,80.407,in_progress,0.0
26,7.0,5.9756764904655775,0.6579919829761465,28.049389055527534,15.0,2.5,7,26.55364783732435,False,True,1.4212553486127044,49,23.11822180235112,80.476,in_progress,0.0
26,8.0,6.04784298207073,0.6858872989462815,25.984299531220458,30.0,1.5,8,23.983262702327767,False,True,1.7386610161862215,50,23.11822180235112,80.544,in_progress,0.0
26,9.0,6.146136650191355,0.7372887210439331,26.577897888449712,15.0,1.5,6,26.625312701161196,False,True,2.193778143104508,50,23.11822180235112,80.615,in_progress,0.0
26,10.0,6.208851099808525,0.7743978926121324,27.725174269782492,-30.0,2.5,1,31.28174915974521,False,True,2.5031749159745207,51,23.11822180235112,80.67,in_progress,0.0
26,11.0,6.301433910272281,0.8315638064239784,29.210042992553795,-30.0,1.5,0,29.069963143940257,False,True,2.9501959458334284,51,23.11822180235112,80.742,in_progress,0.0
26,12.0,6.407232253070263,0.8868988821695347,28.52437628286516,15.0,1.5,6,30.8246108354618,False,True,3.428953300255416,52,23.11822180235112,80.815,in_progress,0.0
26,13.0,6.5383473806794425,0.9489448147540892,26.997543724365556,15.0,1.5,6,33.00288093351503,False,True,3.9978745213569535,53,23.11822180235112,80.868,in_progress,0.0
26,14.0,6.584169995352234,0.9734571802701568,27.23068140840104,-30.0,1.5,0,32.33219396093796,False,True,4.211507154531313,53,23.11822180235112,80.945,in_progress,0.0
26,15.0,6.684184127905291,1.0248428867310908,27.192916038103217,-15.0,2.5,3,37.208917484007586,False,True,4.643837622601138,54,23.11822180235112,81.012,in_progress,0.0
26,16.0,6.789369344350704,1.0732482041789055,26.07949586715098,30.0,2.5,9,38.15689662956353,False,True,5.105103460730165,55,23.11822180235112,81.075,in_progress,0.0
26,17.0,6.899501194686119,1.1230486293970636,25.344279319583308,-15.0,1.5,2,34.89322332971163,False,True,5.549347966050977,55,23.11822180235112,81.15,in_progress,0.0
26,18.0,7.016615723735208,1.1790846373799322,25.495979613773617,15.0,1.5,6,35.72234363168392,False,True,6.025021853703105,56,23.11822180235112,81.213,in_progress,0.0
26,19.0,7.130209618515958,1.2349314259161575,25.857988095194564,-15.0,1.5,2,36.59163448567927,False,True,6.524910552279062,57,23.11822180235112,81.269,in_progress,0.0
26,20.0,7.228410407317997,1.2828641253603252,25.951891053918732,-15.0,1.5,2,0.01,False,False,6.908734951741935,57,23.11822180235112,81.343,in_progress,0.0
26,21.0,7.340435985139433,1.3328865714453775,25.14826116101793,15.0,1.5,6,0.01,False,False,7.329571728329709,58,23.11822180235112,81.4,in_progress,0.0
26,22.0,7.4435390445391665,1.3795199810264054,24.81186451777545,-15.0,1.5,2,0.01,False,False,7.76042545769956,59,23.11822180235112,81.479,in_progress,0.0
26,23.0,7.531436216125697,1.4165845363209457,24.102139243940364,30.0,1.5,8,0.01,False,False,8.062076852914535,59,23.11822180235112,81.533,in_progress,0.0
26,24.0,7.640046174294786,1.4647039478635393,24.077383078740088,0.0,1.5,4,0.01,True,False,8.507566003554551,60,23.11822180235112,81.604,off_track,0.0
27,1.0,6.639548710234481,1.3667683953556105,47.63726580250655,0.0,1.5,4,0.0,False,True,0.6066369039795128,55,23.11822180235112,81.87,prepare,0.0
27,2.0,6.639830434900622,1.3671923921928304,47.65564983870225,0.0,1.5,4,32.69102205660731,False,True,0.6088204411321463,55,23.11822180235112,81.926,in_progress,0.0
27,3.0,6.641422073097937,1.368045208014535,47.43309951643243,-15.0,1.5,2,22.787416609346014,False,True,0.6161224982803803,56,23.11822180235112,82.012,in_progress,0.0
27,4.0,6.6498962167766935,1.3742545188565134,46.886073152275756,0.0,2.5,5,22.761142637147536,False,True,0.6604457054859014,56,23.11822180235112,82.076,in_progress,0.0
27,5.0,6.67043116572947,1.3936762320627747,46.44848301173308,0.0,2.5,5,21.892582661668847,False,True,0.7821291330834423,56,23.11822180235112,82.137,in_progress,0.0
27,6.0,6.715101417376919,1.4392576827822863,46.10823438895764,-15.0,2.5,3,23.859703685566394,False,True,1.0565822211339837,56,23.11822180235112,82.212,in_progress,0.0
27,7.0,6.738503369809411,1.461792660728233,45.775713307053515,0.0,2.5,5,23.339327062692774,False,True,1.1962528943884942,56,23.11822180235112,82.275,in_progress,0.0
27,8.0,6.7889080441800305,1.508518363983897,44.94229111101813,30.0,1.5,8,20.88823895612661,False,True,1.4910591164901288,57,23.11822180235112,82.344,in_progress,0.0
27,9.0,6.8349534463741595,1.5577202363980713,45.41310645263384,-15.0,2.5,3,26.020750999734254,False,True,1.779367589976083,57,23.11822180235112,82.403,in_progress,0.0
27,10.0,6.90106173263255,1.633037057360545,46.57270880170509,-15.0,1.5,2,24.373495783967158,False,True,2.212349578396716,58,23.11822180235112,82.475,in_progress,0.0
27,11.0,6.967596890996597,1.7048761252072775,46.80730742851262,30.0,2.5,9,30.167683663955668,False,True,2.6309452030351235,59,23.11822180235112,82.55,in_progress,0.0
27,12.0,7.047165658102745,1.7924258008280352,47.1667014113114,15.0,1.5,6,28.385179039593243,False,True,3.1362214847511893,59,23.11822180235112,82.617,in_progress,0.0
27,13.0,7.117647482345912,1.8822733182530584,49.149679263083044,0.0,1.5,4,30.13627524953658,False,True,3.6252157824397555,60,23.11822180235112,82.676,in_progress,0.0
27,14.0,7.180698272645033,1.9731546882504793,51.61043221933194,30.0,2.5,9,35.561877790975586,False,True,4.103662890736581,61,23.11822180235112,82.74,in_progress,0.0
27,15.0,7.244658589720124,2.0746681322615723,54.39782366862725,-15.0,2.5,3,37.036530318356874,False,True,4.6179795477535315,62,23.11822180235112,82.806,in_progress,0.0
27,16.0,7.303301921862712,2.1865914190747477,57.9264607254401,0.0,1.5,4,34.4889629690547,False,True,5.158234075048751,62,23.11822180235112,82.865,in_progress,0.0
27,17.0,7.35873187307646,2.311367845351564,62.09448314343553,30.0,2.5,9,40.013460992433004,False,True,5.739788368713611,63,23.11822180235112,82.939,in_progress,0.0
27,18.0,7.398837243271296,2.423183457438992,65.63148521931984,0.0,2.5,5,40.92709903776785,False,True,6.2418778267982145,64,23.11822180235112,82.999,in_progress,0.0
27,19.0,7.4444433878476275,2.5877136582526767,70.66577359982338,-30.0,2.5,1,42.86344381950207,False,True,6.956554325705394,65,23.11822180235112,83.068,in_progress,0.0
27,20.0,7.474477241941617,2.701808195106226,72.65424190247914,-30.0,1.5,0,39.491455247521785,False,True,7.448291049504357,66,23.11822180235112,83.131,in_progress,0.0
27,21.0,7.518220826430405,2.833312266715968,72.09841147998503,-30.0,2.5,1,44.55245888251713,False,True,8.043516365328596,67,23.11822180235112,83.205,in_progress,0.0
27,22.0,7.5716324368870085,2.973899487627755,70.4753969277018,0.0,2.5,5,45.78313359200373,False,True,8.69728939024082,68,23.11822180235112,83.272,in_progress,0.0
27,23.0,7.634935567637757,3.1146402128795843,67.92268548151782,0.0,1.5,4,43.008225559893866,False,True,9.37439187877559,69,23.11822180235112,83.324,in_progress,0.0
27,24.0,7.695405780982077,3.2275704550004574,65.05310532247488,-30.0,1.5,0,43.66446427317788,False,True,9.93947142556269,70,23.11822180235112,83.41,in_progress,0.0
27,25.0,7.76706179786107,3.350138218819056,62.36050377270072,0.0,2.5,5,48.4986375672708,False,True,10.5621593918177,71,23.11822180235112,83.468,in_progress,0.0
27,26.0,7.853740595447021,3.477796469094924,58.922462305737014,15.0,1.5,6,45.43909749363758,False,True,11.22916534834577,72,23.11822180235112,83.536,in_progress,0.0
27,27.0,7.935394009657486,3.592207982980323,56.66927934239171,15.0,1.5,6,46.064258218710364,False,True,11.829849719051799,73,23.11822180235112,83.609,in_progress,0.0
27,28.0,7.990589589572328,3.67608874930659,56.71621657606749,-30.0,2.5,1,50.03783348744596,False,True,12.260593376484868,73,23.11822180235112,83.686,in_progress,0.0
27,29.0,8.058096231743248,3.7802193388100336,56.74686339208318,30.0,1.5,8,46.34847039853497,False,True,12.788556415575142,74,23.11822180235112,83.746,in_progress,0.0
27,30.0,8.134408414311004,3.888780631059652,55.866105946109194,0.0,1.5,4,46.726779481253374,False,True,13.343033844376013,75,23.11822180235112,83.808,in_progress,0.0
27,31.0,8.222442469420786,4.017891173507416,55.77723347821011,15.0,1.5,6,47.38500566494781,False,True,13.991851756133823,76,23.11822180235112,83.883,in_progress,0.0
27,32.0,8.269255664611848,4.092672214485043,56.529121425743206,30.0,1.5,8,47.10139536684021,False,True,14.352446517388866,77,23.11822180235112,83.935,in_progress,0.0
27,33.0,8.324072443259954,4.207157883049869,60.409533074196716,15.0,1.5,6,47.34184354527602,False,True,14.880308369941087,77,23.11822180235112,84.014,in_progress,0.0
27,34.0,8.361179260904386,4.311198202225678,64.5592121123776,30.0,2.5,9,51.363756016686594,False,True,15.338677045673442,78,23.11822180235112,84.078,in_progress,0.0
27,35.0,8.391052586249977,4.418548416008011,68.58940325222157,15.0,2.5,7,51.45032749001958,False,True,15.820114621506853,79,23.11822180235112,84.144,in_progress,0.0
27,36.0,8.412068873862738,4.537849064436685,73.53110182646449,15.0,1.5,6,47.59491817665887,False,True,16.324170543597194,80,23.11822180235112,84.203,in_progress,0.0
27,37.0,8.421958346559219,4.662537712932307,79.15334107324769,30.0,1.5,8,47.771406740193946,False,True,16.84292049387176,80,23.11822180235112,84.272,in_progress,0.0
27,38.0,8.420026867305433,4.782024057210898,84.4830275649763,15.0,2.5,7,51.86011499956384,False,True,17.33184369983426,81,23.11822180235112,84.332,in_progress,0.0
27,39.0,8.405797264200329,4.910143365865049,90.00964872605847,15.0,1.5,6,48.094061142846954,False,True,17.879183845710312,82,23.11822180235112,84.408,in_progress,0.0
27,40.0,8.37797703830783,5.032258563802619,96.0955403398614,15.0,1.5,6,48.216953991912945,False,True,18.38678159676518,83,23.11822180235112,84.476,in_progress,0.0
27,41.0,8.343770276392998,5.133886678065863,101.5797547626455,15.0,1.5,6,48.16629152668774,False,True,18.825679525941975,83,23.11822180235112,84.539,in_progress,0.0
27,42.0,8.293758976393125,5.249666575803458,106.99103083790173,30.0,2.5,9,52.34871951793381,False,True,19.361462197532198,84,23.11822180235112,84.6,in_progress,0.0
27,43.0,8.236139270085417,5.351827025554699,112.31474471041058,-30.0,2.5,1,52.399438732077265,False,True,19.844258654793222,85,23.11822180235112,84.668,in_progress,0.0
27,44.0,8.167810626921423,5.4466613478970825,118.23263205849025,0.0,1.5,4,48.56963538278819,False,True,20.380639568426805,86,23.11822180235112,84.732,in_progress,0.0
27,45.0,8.070461662028706,5.553600224399065,126.69547656854138,0.0,1.5,4,49.093620251277024,False,True,21.07962911307466,87,23.11822180235112,84.8,in_progress,0.0
27,46.0,7.984572115960348,5.629314984542111,133.79481326571957,15.0,1.5,6,49.40113653832969,False,True,21.689522807631654,88,23.11822180235112,84.879,in_progress,0.0
27,47.0,7.87963484719365,5.703810724890237,141.18386203303803,-15.0,2.5,3,53.819117248587666,False,True,22.357485106836204,89,23.11822180235112,84.93,in_progress,0.0
27,48.0,7.793590683487613,5.753617182658188,145.93486717391,0.0,2.5,5,53.910410493223225,False,True,22.87699703674715,90,23.11822180235112,85.013,in_progress,0.0
27,49.0,7.677560726193715,5.806958215247175,151.31803188064373,-30.0,2.5,1,54.23215120691528,False,True,23.51125409138849,91,23.11822180235112,85.072,in_progress,0.0
27,50.0,7.563735292440433,5.850333225361337,155.36736289574287,30.0,1.5,8,50.45252733568991,False,True,24.101263667844954,91,23.11822180235112,85.142,in_progress,0.0
27,51.0,7.420651999282437,5.898992035921827,158.84765271222238,-15.0,1.5,2,50.89141402787922,False,True,24.807121154218404,93,23.11822180235112,85.209,in_progress,0.0
27,52.0,7.284468423433786,5.936105855544415,161.73047892132817,-30.0,2.5,1,55.21827914521712,False,True,25.463505155512898,94,23.11822180235112,85.274,in_progress,0.0
27,53.0,7.1699783159534904,5.969373837583532,162.545713602904,30.0,1.5,8,51.332750885624606,False,True,26.01385796938104,94,23.11822180235112,85.342,in_progress,0.0
27,54.0,7.043993027411815,6.009628832622518,162.40647699897974,-15.0,1.5,2,51.516169995326656,False,True,26.603731797476392,95,23.11822180235112,85.405,in_progress,0.0
27,55.0,6.948066009505992,6.036268557449099,163.1577950476099,30.0,2.5,9,55.39119177712262,False,True,27.027655477417444,96,23.11822180235112,85.477,in_progress,0.0
27,56.0,6.826183284395811,6.0716606156148,163.46668637869845,-30.0,2.5,1,55.50133463692652,False,True,27.580747396678852,97,23.11822180235112,85.538,in_progress,0.0
27,57.0,6.681420727734068,6.110998165110757,163.94242261911805,15.0,2.5,7,55.76398420089641,False,True,28.222970994510955,98,23.11822180235112,85.607,in_progress,0.0
27,58.0,6.522274080524017,6.157350246535775,163.8697987850755,-30.0,2.5,1,56.100724970068974,False,True,28.913420482640007,99,23.11822180235112,85.668,in_progress,0.0
27,59.0,6.367156247820484,6.203452296818998,163.52328611872193,-30.0,1.5,0,52.36957038455187,False,True,29.5705465268856,100,23.11822180235112,85.747,in_progress,0.0
27,60.0,6.239022819961972,6.251959160724818,161.45214709345387,-30.0,1.5,0,52.40541931324346,False,True,30.093251587946078,101,23.11822180235112,85.812,in_progress,0.0
27,61.0,6.100245643883397,6.31775896105755,157.9054867220341,15.0,1.5,6,52.45784647449219,False,True,30.626786349440238,101,23.11822180235112,85.873,in_progress,0.0
27,62.0,6.00027852336809,6.373199147419376,155.00832465180142,30.0,2.5,9,56.248394148360354,False,True,30.999004371983418,102,23.11822180235112,85.953,in_progress,0.0
27,63.0,5.898784328315509,6.426172325349288,153.90728915985346,-15.0,2.5,3,55.98123790228029,False,True,31.330679878436584,103,23.11822180235112,86.008,in_progress,0.0
27,64.0,5.774449728125065,6.489121196135268,153.43415195162933,0.0,2.5,5,55.79905556828889,False,True,31.71139556370489,103,23.11822180235112,86.068,in_progress,0.0
27,65.0,5.644679813410213,6.559260744317182,152.42815035325677,-30.0,2.5,1,0.01,False,False,32.17959207981327,104,23.11822180235112,86.138,in_progress,0.0
27,66.0,5.504649014732566,6.640040892011198,151.0057857855841,15.0,2.5,7,0.01,False,False,32.558121107572504,104,23.11822180235112,86.221,in_progress,0.0
27,67.0,5.358490776923589,6.732065331333467,149.203091075456,15.0,2.5,7,0.01,True,False,32.95981417147797,105,23.11822180235112,86.273,off_track,0.0
28,1.0,7.326311813622023,2.2953634273995487,56.792196047448996,-15.0,2.5,3,0.0,False,True,0.6063994655677085,63,23.11822180235112,86.552,prepare,0.0
28,2.0,7.326316270450039,2.295278365385609,56.77802845867647,0.0,2.5,5,36.554929730835816,False,True,0.6060985946167163,63,23.11822180235112,86.616,in_progress,0.0
28,3.0,7.3298633333504055,2.2989337731661275,56.49973133435663,15.0,2.5,7,27.171962362910328,False,True,0.6276588708873099,63,23.11822180235112,86.668,in_progress,0.0
28,4.0,7.339649797653559,2.3166261227023464,56.819209382122864,-15.0,2.5,3,24.124272817009206,False,True,0.7149709126803683,63,23.11822180235112,86.736,in_progress,0.0
28,5.0,7.356785829159319,2.348303442146513,57.47987403254521,15.0,1.5,6,19.65815014558428,False,True,0.8704075072792139,64,23.11822180235112,86.812,in_progress,0.0
28,6.0,7.376113252343269,2.3841427306523113,58.17659421075715,-15.0,2.5,3,23.68546212123683,False,True,1.0461277272742098,64,23.11822180235112,86.883,in_progress,0.0
28,7.0,7.4049834523339175,2.439017443415175,59.163777866216876,-15.0,1.5,2,21.024571749292885,False,True,1.3142200224505018,64,23.11822180235112,86.944,in_progress,0.0
28,8.0,7.440307416040378,2.500776657361755,59.40774745116966,15.0,2.5,7,26.523376750656393,False,True,1.6218701400525115,65,23.11822180235112,87.006,in_progress,0.0
28,9.0,7.4860465605152475,2.5831267053681017,59.91070753959699,15.0,2.5,7,28.806856690286114,False,True,2.0301171021257503,65,23.11822180235112,87.069,in_progress,0.0
28,10.0,7.534830056174585,2.6837657495358482,61.58907824072968,15.0,2.5,7,31.391856739769487,False,True,2.5141856739769484,66,23.11822180235112,87.143,in_progress,0.0
28,11.0,7.575424872229123,2.7838253178522074,64.12090382112,0.0,2.5,5,33.31929750443616,False,True,2.9776227254879775,67,23.11822180235112,87.207,in_progress,0.0
28,12.0,7.615262366810441,2.8914945325053973,66.45601850180127,-30.0,1.5,0,31.186183595926757,False,True,3.472342031511211,68,23.11822180235112,87.278,in_progress,0.0
28,13.0,7.668596581766411,3.0184348015387403,66.77126099468566,0.0,2.5,5,37.56127745343499,False,True,4.070466068946549,68,23.11822180235112,87.345,in_progress,0.0
28,14.0,7.71003808477065,3.1142568514981424,66.69202528540121,15.0,1.5,6,34.58496473790902,False,True,4.526895063307262,69,23.11822180235112,87.411,in_progress,0.0
28,15.0,7.769422641203827,3.2650510281840166,67.79532177780364,0.0,2.5,5,41.134695675481844,False,True,5.232704351322276,70,23.11822180235112,87.472,in_progress,0.0
28,16.0,7.798862574357178,3.354342659137292,69.15654986874138,30.0,2.5,9,41.47895433569911,False,True,5.636632693711857,71,23.11822180235112,87.543,in_progress,0.0
28,17.0,7.839833215218707,3.4841349608570855,70.76782438251632,30.0,1.5,8,38.89705257808464,False,True,6.229998938274389,72,23.11822180235112,87.616,in_progress,0.0
28,18.0,7.8665715914355205,3.6061032133190145,73.83202975082015,0.0,1.5,4,39.86444969492508,False,True,6.770600945086514,73,23.11822180235112,87.681,in_progress,0.0
28,19.0,7.882256131942427,3.7525650606612846,79.02843447489263,30.0,2.5,9,45.18075280444157,False,True,7.396843032843897,74,23.11822180235112,87.752,in_progress,0.0
28,20.0,7.882965782124701,3.873869243125929,83.67819712066108,-30.0,2.5,1,45.79187694414244,False,True,7.908375388828487,74,23.11822180235112,87.806,in_progress,0.0
28,21.0,7.8721894956945375,4.008083347234594,89.06799911167482,-15.0,1.5,2,42.57875969846287,False,True,8.469039536677203,75,23.11822180235112,87.874,in_progress,0.0
28,22.0,7.852450278461075,4.140551400019247,94.24864957545356,0.0,2.5,5,47.090897320770516,False,True,8.984997410569513,76,23.11822180235112,87.945,in_progress,0.0
28,23.0,7.825013610677002,4.280483498057105,97.69770537810167,-30.0,2.5,1,47.87418556908204,False,True,9.57356268088887,77,23.11822180235112,88.002,in_progress,0.0
28,24.0,7.800422710539084,4.398004956933093,99.37091315701919,-15.0,2.5,3,48.31490110832487,False,True,10.095576265997968,78,23.11822180235112,88.067,in_progress,0.0
28,25.0,7.775341194068072,4.5449333095955105,99.50684036465319,-30.0,1.5,0,0.01,False,False,10.763710282167176,79,23.11822180235112,88.141,in_progress,0.0
28,26.0,7.754759221630698,4.706250571519445,98.19821194315601,0.0,1.5,4,0.01,False,False,11.521125132495497,80,23.11822180235112,88.206,in_progress,0.0
28,27.0,7.743602212948476,4.853885158032207,96.22575339559673,0.0,1.5,4,0.01,False,False,12.403417226611053,81,23.11822180235112,88.279,in_progress,0.0
28,28.0,7.739608452793816,4.959454802405766,94.64200583360488,30.0,1.5,8,0.01,False,False,13.055081554505538,82,23.11822180235112,88.327,in_progress,0.0
28,29.0,7.730974038349036,5.084159748032402,94.37012160952814,30.0,1.5,8,0.01,False,False,13.833118414273777,83,23.11822180235112,88.395,in_progress,0.0
28,30.0,7.711099156065886,5.204548104147357,96.56795681841565,-15.0,2.5,3,0.01,False,False,14.673867163629446,85,23.11822180235112,88.478,in_progress,0.0
28,31.0,7.683956685140522,5.328669021731934,99.21260190446854,30.0,1.5,8,0.01,False,False,16.60900035895822,88,23.11822180235112,88.541,in_progress,0.0
28,32.0,7.650736731040167,5.451849850909249,101.95710953539016,15.0,1.5,6,0.01,False,False,17.746395920490336,89,23.11822180235112,88.618,in_progress,0.0
28,33.0,7.616067663479869,5.547902218655131,105.01617521820971,30.0,2.5,9,0.01,False,False,18.29767002306582,90,23.11822180235112,88.668,in_progress,0.0
28,34.0,7.567676782892695,5.663222728189879,108.56413763038901,-30.0,1.5,0,0.01,False,False,18.692048171319126,91,23.11822180235112,88.736,in_progress,0.0
28,35.0,7.514629594060007,5.763825323642345,112.41566644161085,0.0,2.5,5,61.04757595442507,False,True,19.179151584048775,92,23.11822180235112,88.801,in_progress,0.0
28,36.0,7.454266571537612,5.871153969459651,115.51730529383862,30.0,2.5,9,60.79282836775472,False,True,19.635418212391702,92,23.11822180235112,88.877,in_progress,0.0
28,37.0,7.390463277439319,5.968080605092778,118.79291181295825,30.0,2.5,9,60.333487691583976,False,True,20.01089044588607,93,23.11822180235112,88.937,in_progress,0.0
28,38.0,7.287491119751752,6.099113587140929,123.96702368922232,-15.0,1.5,2,56.4327890809801,False,True,20.589459850772435,94,23.11822180235112,88.999,in_progress,0.0
28,39.0,7.162162772407201,6.228600188883582,130.02284947038135,-15.0,1.5,2,56.623483165834124,False,True,21.205658434675307,95,23.11822180235112,89.076,in_progress,0.0
28,40.0,7.089382690585034,6.292122554300414,133.36885614675916,0.0,1.5,4,56.05732698747062,False,True,21.522930794988245,95,23.11822180235112,89.146,in_progress,0.0
28,41.0,6.995846948559963,6.363243189367608,137.32966918986892,-15.0,2.5,3,59.79783442254736,False,True,21.954612113244416,96,23.11822180235112,89.212,in_progress,0.0
28,42.0,6.867620997456144,6.455680353017271,140.84999873681224,-15.0,2.5,3,59.80186026572757,False,True,22.49178131160558,97,23.11822180235112,89.278,in_progress,0.0
28,43.0,6.774403960663307,6.526792161136187,141.55624420436044,15.0,1.5,6,55.380048842862756,False,True,22.845921002430984,97,23.11822180235112,89.338,in_progress,0.0
28,44.0,6.676834385306976,6.5987172012296025,142.42250361253738,0.0,1.5,4,55.141525147065835,False,True,23.272271064708967,98,23.11822180235112,89.413,in_progress,0.0
28,45.0,6.571620277181785,6.675767396020946,142.99600929118162,15.0,2.5,7,0.01,False,False,23.6473642575647,98,23.11822180235112,89.471,in_progress,0.0
28,46.0,6.476945454858959,6.741779948495938,143.89142501074377,-30.0,2.5,1,0.01,False,False,24.038231676573655,99,23.11822180235112,89.544,in_progress,0.0
28,47.0,6.338591642975012,6.831611877852543,145.4756070582415,30.0,2.5,9,0.01,False,False,24.533674151221003,100,23.11822180235112,89.607,in_progress,0.0
28,48.0,6.203008673772684,6.915999408935774,146.98070954619737,-30.0,1.5,0,0.01,True,False,24.977094519842808,100,23.11822180235112,89.677,off_track,0.0
29,1.0,7.88306580881273,3.307644567967584,63.90224511819917,30.0,2.5,9,0.0,False,True,0.6069812390048557,71,23.11822180235112,89.94,prepare,0.0
29,2.0,7.882820422340737,3.3075552374108836,63.95168308932057,-30.0,1.5,0,32.55917154557444,False,True,0.6061834309114889,71,23.11822180235112,90.011,in_progress,0.0
29,3.0,7.885045990163407,3.312823921760331,64.02530930447234,30.0,2.5,9,27.280264857305745,False,True,0.6309079457191724,71,23.11822180235112,90.071,in_progress,0.0
29,4.0,7.893423392188612,3.3258234528868544,63.56355900082946,30.0,2.5,9,23.67933906417929,False,True,0.6971735625671716,71,23.11822180235112,90.139,in_progress,0.0
29,5.0,7.911754814267111,3.359572371749683,63.2352131937647,30.0,1.5,8,19.49751660726365,False,True,0.8623758303631823,71,23.11822180235112,90.198,in_progress,0.0
29,6.0,7.931610193300621,3.4070672644458506,64.10739134894575,15.0,1.5,6,20.33348209098152,False,True,1.0850089254588913,72,23.11822180235112,90.281,in_progress,0.0
29,7.0,7.957414988986879,3.468095997528885,64.86715442270537,-30.0,2.5,1,25.844151942397634,False,True,1.3715906359678343,72,23.11822180235112,90.342,in_progress,0.0
29,8.0,7.986391936156773,3.533171417400353,65.1337341948235,0.0,2.5,5,27.240055190097042,False,True,1.6792044152077634,72,23.11822180235112,90.407,in_progress,0.0
29,9.0,8.027080635820997,3.6182514675814303,64.90952871949169,-30.0,2.5,1,29.423142347828684,False,True,2.0855828113045813,73,23.11822180235112,90.475,in_progress,0.0
29,10.0,8.078862327911656,3.717777737733611,63.877493933080785,-15.0,2.5,3,31.932093827983586,False,True,2.5682093827983588,74,23.11822180235112,90.539,in_progress,0.0
29,11.0,8.136454108747081,3.810511831395329,61.54533329353123,0.0,2.5,5,33.77886055195782,False,True,3.0281746607153606,74,23.11822180235112,90.606,in_progress,0.0
29,12.0,8.21881117320107,3.932750654232045,58.78032192176356,30.0,2.5,9,36.564572486302055,False,True,3.637748698356247,75,23.11822180235112,90.668,in_progress,0.0
29,13.0,8.306759029764578,4.064969703193457,57.61150356586713,-30.0,2.5,1,39.20945315660584,False,True,4.284728910358759,76,23.11822180235112,90.75,in_progress,0.0
29,14.0,8.38968168204465,4.196425571320104,57.5437180372141,15.0,1.5,6,37.3102011114046,False,True,4.908428155596645,77,23.11822180235112,90.81,in_progress,0.0
29,15.0,8.47380715777666,4.326828978228039,57.33868984627805,-30.0,1.5,0,38.999675886024406,False,True,5.51245138290366,78,23.11822180235112,90.874,in_progress,0.0
29,16.0,8.544452357727774,4.4313812283520555,56.69289925960315,0.0,1.5,4,39.59970613109068,False,True,5.975952980974508,79,23.11822180235112,90.939,in_progress,0.0
29,17.0,8.626790486366655,4.548398876782238,55.788429367567005,30.0,1.5,8,40.71266773846775,False,True,6.538653515539517,80,23.11822180235112,91.011,in_progress,0.0
29,18.0,8.698328763563634,4.6564399705188775,56.19663485248895,0.0,1.5,4,41.04842152344326,False,True,6.9837158742197865,81,23.11822180235112,91.068,in_progress,0.0
29,19.0,8.74813359516318,4.747395230728368,58.173445422288765,-30.0,2.5,1,44.66110412587062,False,True,7.298109783915418,81,23.11822180235112,91.146,in_progress,0.0
29,20.0,8.804554391251289,4.843650337519309,58.76552941634811,-30.0,2.5,1,44.91479520280897,False,True,7.732959040561793,82,23.11822180235112,91.207,in_progress,0.0
29,21.0,8.882165541358134,4.955819492331959,57.066024440958735,-15.0,1.5,2,0.01,False,False,8.069401547009337,82,23.11822180235112,91.273,in_progress,0.0
29,22.0,8.950334482897336,5.040464612032926,54.65782376862356,-30.0,1.5,0,0.01,False,False,8.437327615198775,83,23.11822180235112,91.343,in_progress,0.0
29,23.0,9.056519813758642,5.153340885997199,50.38992101357907,15.0,2.5,7,0.01,False,False,8.651577269077837,83,23.11822180235112,91.41,in_progress,0.0
29,24.0,9.141847747138709,5.230048430693652,46.882187559182945,15.0,1.5,6,0.01,True,False,8.951337505300504,84,23.11822180235112,91.477,off_track,0.0
30,1.0,8.268291778138433,4.395657728026336,75.12041618177508,30.0,1.5,8,0.0,False,True,0.6060137854761005,78,23.11822180235112,91.807,prepare,0.0
30,2.0,8.268336844976249,4.396000074904515,75.14829406814435,15.0,2.5,7,36.62505274017693,False,True,0.6075010548035387,78,23.11822180235112,91.871,in_progress,0.0
30,3.0,8.269646156843597,4.400638822186305,75.02793559950287,-15.0,1.5,2,23.194076056599684,False,True,0.6283222816979905,78,23.11822180235112,91.927,in_progress,0.0
30,4.0,8.276216585855636,4.4283926708528885,75.12390286491039,-15.0,2.5,3,25.04217874882322,False,True,0.7516871499529287,79,23.11822180235112,91.998,in_progress,0.0
30,5.0,8.28467424480395,4.458808773102136,74.99923627440762,15.0,2.5,7,24.011783325995538,False,True,0.888089166299777,79,23.11822180235112,92.07,in_progress,0.0
30,6.0,8.302641857586833,4.519808326346742,74.66118207740634,-30.0,1.5,0,21.600094859745628,False,True,1.1610056915847378,79,23.11822180235112,92.15,in_progress,0.0
30,7.0,8.328637216142521,4.594644065452419,73.420688711177,-15.0,1.5,2,23.675795224354776,False,True,1.4998056657048342,80,23.11822180235112,92.202,in_progress,0.0
30,8.0,8.34395453162921,4.634353043157705,72.5585436614438,15.0,2.5,7,27.188612913416062,False,True,1.6750890330732848,80,23.11822180235112,92.27,in_progress,0.0
30,9.0,8.381879980145346,4.733823491584815,71.13586427081006,15.0,1.5,6,25.85053435872459,False,True,2.1240480922852134,81,23.11822180235112,92.348,in_progress,0.0
30,10.0,8.412036100985944,4.82875724106016,71.49475970344078,-30.0,2.5,1,31.555068603004965,False,True,2.5305068603004965,81,23.11822180235112,92.409,in_progress,0.0
30,11.0,8.452348093912345,4.950277636991551,71.47785309610691,-30.0,2.5,1,33.83297950565662,False,True,3.034127745622228,82,23.11822180235112,92.478,in_progress,0.0
30,12.0,8.503369031431914,5.065530939651719,68.99426015219721,0.0,1.5,4,31.699991355500195,False,True,3.5339989626600232,83,23.11822180235112,92.527,in_progress,0.0
30,13.0,8.556649110943328,5.165838118681096,65.96276116022298,15.0,1.5,6,32.14506728201752,False,True,3.8863587466622773,83,23.11822180235112,92.598,in_progress,0.0
30,14.0,8.611395306519883,5.263785756737134,63.862762466049766,-15.0,2.5,3,36.523488001898755,False,True,4.238288320265826,84,23.11822180235112,92.641,in_progress,0.0
30,15.0,8.675611760467325,5.386111340563782,63.07598175781881,15.0,1.5,6,32.981342465248375,False,True,4.609701369787256,85,23.11822180235112,92.734,in_progress,0.0
30,16.0,8.729434882993981,5.485749780774342,62.543139461613286,15.0,2.5,7,36.82167016507732,False,True,4.891467226412372,85,23.11822180235112,92.809,in_progress,0.0
30,17.0,8.78364959189112,5.597997908849287,63.25598319122065,-15.0,2.5,3,0.01,False,False,5.060431903399065,85,23.11822180235112,92.879,in_progress,0.0
30,18.0,8.846239349413462,5.726426994565294,63.51280025988017,15.0,1.5,6,0.01,False,False,5.485892126396418,86,23.11822180235112,92.937,in_progress,0.0
30,19.0,8.910697130919054,5.85902786500791,63.88881889672269,15.0,2.5,7,0.01,False,False,5.54437626824379,86,23.11822180235112,93.005,in_progress,0.0
30,20.0,8.958670491054448,5.972713821941044,65.30180643259256,15.0,1.5,6,0.01,True,False,5.640645289616398,86,23.11822180235112,93.071,off_track,0.0
31,1.0,8.245585163344966,5.531520647027601,110.5527968772404,30.0,2.5,9,0.0,False,True,0.6056069062224778,86,23.11822180235112,93.346,prepare,0.0
31,2.0,8.245354691721595,5.5319354277219315,110.56427503040369,-30.0,1.5,0,32.6329011170087,False,True,0.607658022340174,86,23.11822180235112,93.408,in_progress,0.0
31,3.0,8.241398708043846,5.539494297522571,110.84433345790647,-30.0,1.5,0,23.733009979229216,False,True,0.6444902993768764,86,23.11822180235112,93.469,in_progress,0.0
31,4.0,8.23422165749502,5.557626076707123,110.89858655979053,-15.0,1.5,2,20.441530198413407,False,True,0.7276612079365363,86,23.11822180235112,93.547,in_progress,0.0
31,5.0,8.226267630071652,5.593920723450456,109.5326153483035,30.0,1.5,8,19.845604881307736,False,True,0.8797802440653868,87,23.11822180235112,93.614,in_progress,0.0
31,6.0,8.210684808216822,5.640688295192164,109.2584684505603,0.0,1.5,4,20.379039826188333,False,True,1.0877423895713,87,23.11822180235112,93.669,in_progress,0.0
31,7.0,8.193085327168344,5.69527841193124,108.84722827280909,15.0,2.5,7,24.68779004458503,False,True,1.290645303120952,87,23.11822180235112,93.763,in_progress,0.0
31,8.0,8.160544532678513,5.786635634467806,109.14361196505432,30.0,2.5,9,27.213897450064493,False,True,1.6771117960051596,88,23.11822180235112,93.816,in_progress,0.0
31,9.0,8.11673486659816,5.872308650198743,112.04111771943634,0.0,2.5,5,28.41171277981263,False,True,1.9945541501831365,88,23.11822180235112,93.878,in_progress,0.0
31,10.0,8.068076244753513,5.952655582307146,115.27565732265771,30.0,1.5,8,25.989668529153548,False,True,2.3739668529153546,89,23.11822180235112,93.944,in_progress,0.0
31,11.0,8.011940492545014,6.030987865351195,118.92217447569722,-15.0,1.5,2,26.54716046686736,False,True,2.67268765135541,89,23.11822180235112,94.015,in_progress,0.0
31,12.0,7.949200417492397,6.110719947575578,122.36768129554838,15.0,2.5,7,31.93021421630771,False,True,3.081625705956925,90,23.11822180235112,94.076,in_progress,0.0
31,13.0,7.870385328006565,6.200293532153603,126.23227293019333,0.0,1.5,4,28.731958056938137,False,True,3.4426545474019576,90,23.11822180235112,94.137,in_progress,0.0
31,14.0,7.782851354951976,6.282867851128808,131.00832953936842,-15.0,1.5,2,29.533877790621546,False,True,3.819742890687017,91,23.11822180235112,94.21,in_progress,0.0
31,15.0,7.6952257645131485,6.36354705905291,133.78831031686994,30.0,2.5,9,34.865272352188555,False,True,4.292290852828284,92,23.11822180235112,94.253,in_progress,0.0
31,16.0,7.611468578793203,6.438190358188638,135.68793316601247,30.0,1.5,8,31.10178989919496,False,True,4.616286383871193,92,23.11822180235112,94.334,in_progress,0.0
31,17.0,7.528627238379978,6.498724546798274,138.92933546946279,0.0,1.5,4,31.840382995755625,False,True,5.030365109278456,93,23.11822180235112,94.404,in_progress,0.0
31,18.0,7.4100912763893625,6.565688174755154,144.5535501876798,0.0,2.5,5,36.62069193830381,False,True,5.466724548894685,94,23.11822180235112,94.473,in_progress,0.0
31,19.0,7.311099669885449,6.614734501402691,148.24113007980966,15.0,2.5,7,0.01,False,False,5.803719231545601,94,23.11822180235112,94.538,in_progress,0.0
31,20.0,7.204783388285275,6.657942985272466,152.3291694113966,0.0,1.5,4,0.01,False,False,6.285383609914586,95,23.11822180235112,94.607,in_progress,0.0
31,21.0,7.089825313185008,6.69464013665658,156.9438585381068,0.0,1.5,4,0.01,False,False,6.684414453751475,95,23.11822180235112,94.677,in_progress,0.0
31,22.0,6.9673870070230475,6.728111051050948,160.73512530622082,-30.0,2.5,1,0.01,False,False,7.124725332263882,96,23.11822180235112,94.74,in_progress,0.0
31,23.0,6.827846041539878,6.765427302537111,162.76257976219821,15.0,1.5,6,0.01,False,False,7.731021276227057,97,23.11822180235112,94.804,in_progress,0.0
31,24.0,6.698752921786307,6.802205480179433,163.4563491795434,15.0,2.5,7,0.01,False,False,8.1897624924406,98,23.11822180235112,94.869,in_progress,0.0
31,25.0,6.566639427233113,6.831819127026164,165.2895807450306,-15.0,1.5,2,0.01,True,False,8.653050875922174,98,23.11822180235112,94.938,off_track,0.0
32,1.0,7.285203168684218,6.107706822691381,164.8939530473595,-15.0,1.5,2,0.0,False,True,0.6064787316621079,94,23.11822180235112,95.335,prepare,0.0
32,2.0,7.285435200156424,6.107639849656002,164.9225521761829,0.0,1.5,4,32.52188362942912,False,True,0.6054376725885824,94,23.11822180235112,95.405,in_progress,0.0
32,3.0,7.278790924858454,6.110364697407954,164.68217440083941,0.0,1.5,4,23.447857276801603,False,True,0.6359357183040482,94,23.11822180235112,95.468,in_progress,0.0
32,4.0,7.252978896228526,6.117137420725607,164.68280460975865,15.0,1.5,6,21.029251696518784,False,True,0.7511700678607514,94,23.11822180235112,95.543,in_progress,0.0
32,5.0,7.217743539565173,6.127472952766404,164.48868691828022,-30.0,1.5,0,20.36760520579009,False,True,0.9058802602895044,94,23.11822180235112,95.6,in_progress,0.0
32,6.0,7.182086754808767,6.138470898949311,164.20498929051985,0.0,2.5,5,24.004817117344537,False,True,1.0652890270406723,94,23.11822180235112,95.677,in_progress,0.0
32,7.0,7.115875400368333,6.161219874939492,163.28322255424513,-30.0,2.5,1,25.71739374285086,False,True,1.3627175619995602,95,23.11822180235112,95.742,in_progress,0.0
32,8.0,7.042468170042649,6.188034490424224,162.22642307257297,30.0,1.5,8,23.28396215426087,False,True,1.6827169723408697,95,23.11822180235112,95.798,in_progress,0.0
32,9.0,6.9501496394212925,6.224891620117252,160.761515924828,0.0,2.5,5,29.37471450135899,False,True,2.081224305122309,96,23.11822180235112,95.872,in_progress,0.0
32,10.0,6.853192997249304,6.2647790195452036,159.4967419824711,15.0,2.5,7,31.343524942548797,False,True,2.5093524942548795,97,23.11822180235112,95.934,in_progress,0.0
32,11.0,6.760743412378744,6.300468864499544,159.2186644305307,30.0,2.5,9,32.53484449006288,False,True,2.891332893906917,97,23.11822180235112,96.009,in_progress,0.0
32,12.0,6.621268513225691,6.342562844217706,161.27842767620083,30.0,1.5,8,31.137617976063503,False,True,3.4665141571276203,98,23.11822180235112,96.069,in_progress,0.0
32,13.0,6.471969456556145,6.37052260740587,165.53135885463897,-30.0,2.5,1,37.598798410469726,False,True,4.075343793361064,99,23.11822180235112,96.134,in_progress,0.0
32,14.0,6.3726302507421675,6.381744860594418,168.4835992696956,-30.0,2.5,1,38.40310522909608,False,True,4.5014347320734505,100,23.11822180235112,96.209,in_progress,0.0
32,15.0,6.205544622729013,6.4006890908973055,171.21707405661485,15.0,1.5,6,36.76110083584615,False,True,5.176665125376923,101,23.11822180235112,96.275,in_progress,0.0
32,16.0,6.075624258790164,6.417602198088485,171.84820039078278,-30.0,1.5,0,37.706686745148765,False,True,5.673069879223802,102,23.11822180235112,96.339,in_progress,0.0
32,17.0,5.9506788706766285,6.42695784697081,173.50615501424866,-30.0,2.5,1,42.19174815519131,False,True,6.110097186382523,102,23.11822180235112,96.4,in_progress,0.0
32,18.0,5.818332328594207,6.445162947094968,172.8149386557732,0.0,2.5,5,43.208858768515455,False,True,6.652594578332782,103,23.11822180235112,96.463,in_progress,0.0
32,19.0,5.683904412320516,6.47382968931849,170.40521483473668,-30.0,1.5,0,39.65630891866428,False,True,7.107198694546213,104,23.11822180235112,96.543,in_progress,0.0
32,20.0,5.531791392100143,6.515387803493517,167.34944735387126,0.0,1.5,4,0.01,False,False,7.6024839685570385,104,23.11822180235112,96.609,in_progress,0.0
32,21.0,5.42138140759537,6.555675749933399,164.1920570947152,30.0,1.5,8,0.01,False,False,7.959814171477964,105,23.11822180235112,96.674,in_progress,0.0
32,22.0,5.298278188403536,6.600721132747377,162.31366039648412,-30.0,1.5,0,0.01,False,False,8.330203368677813,106,23.11822180235112,96.744,in_progress,0.0
32,23.0,5.1877517499646855,6.642685734388735,160.94799080891963,-15.0,1.5,2,0.01,True,False,8.613414265326625,106,23.11822180235112,96.806,off_track,0.0
33,1.0,6.131985499748464,6.121314945186944,-174.6126281412419,-15.0,1.5,2,0.0,False,True,0.6072918308469677,101,23.11822180235112,97.081,prepare,0.0
33,2.0,6.132178276169224,6.1213273612245915,-174.59396087907882,0.0,2.5,5,36.57292349114951,False,True,0.6064584698229902,101,23.11822180235112,97.134,in_progress,0.0
33,3.0,6.12336867853829,6.119177491952499,-174.26366808888508,-15.0,1.5,2,23.766011208501848,False,True,0.6454803362550554,101,23.11822180235112,97.212,in_progress,0.0
33,4.0,6.100026458662703,6.119012665167044,-174.8260467374031,30.0,2.5,9,24.88983807001618,False,True,0.7455935228006472,102,23.11822180235112,97.278,in_progress,0.0
33,5.0,6.0590468736847205,6.117953166760108,-175.4414160527795,-15.0,2.5,3,24.68617788343721,False,True,0.9218088941718605,102,23.11822180235112,97.324,in_progress,0.0
33,6.0,6.000710066199993,6.1180209445906995,-176.61019201802648,30.0,1.5,8,21.691621284177664,False,True,1.1664972770506599,102,23.11822180235112,97.401,in_progress,0.0
33,7.0,5.945045404290456,6.115877669518968,-176.91483502349163,30.0,1.5,8,22.31050367471257,False,True,1.40423525722988,103,23.11822180235112,97.479,in_progress,0.0
33,8.0,5.8448450692203995,6.105466110942459,-175.85929767999966,15.0,1.5,6,25.116988865620776,False,True,1.829359109249662,103,23.11822180235112,97.547,in_progress,0.0
33,9.0,5.781519979385883,6.092157844469673,-173.88405890345746,30.0,2.5,9,29.68318551234609,False,True,2.108986696111148,104,23.11822180235112,97.606,in_progress,0.0
33,10.0,5.678263713476252,6.064740399917484,-170.37379019050815,0.0,2.5,5,31.87762687650222,False,True,2.562762687650222,104,23.11822180235112,97.677,in_progress,0.0
33,11.0,5.572041071298788,6.02545888052619,-166.03231881714967,15.0,2.5,7,33.92337937570578,False,True,3.0440717313276355,105,23.11822180235112,97.738,in_progress,0.0
33,12.0,5.468385260699962,5.977668483678458,-161.57397831772863,30.0,1.5,8,31.714362113577337,False,True,3.5357234536292803,106,23.11822180235112,97.795,in_progress,0.0
33,13.0,5.350641258407814,5.906760245044046,-155.33662831626523,-30.0,1.5,0,33.919171222702914,False,True,4.116992258951379,107,23.11822180235112,97.87,in_progress,0.0
33,14.0,5.263901139845605,5.843564106949262,-150.794799472107,0.0,2.5,5,38.9164863911407,False,True,4.573308094759698,107,23.11822180235112,97.942,in_progress,0.0
33,15.0,5.169423283345315,5.761681133993395,-145.5365680364416,-15.0,1.5,2,36.38732989695302,False,True,5.120599484542954,108,23.11822180235112,98.017,in_progress,0.0
33,16.0,5.075950547503857,5.671405803929847,-140.97308156197673,30.0,1.5,8,37.89127012830223,False,True,5.702603220528357,109,23.11822180235112,98.069,in_progress,0.0
33,17.0,4.998089353140431,5.5886805735589675,-137.7773058979853,15.0,1.5,6,38.67324511251173,False,True,6.191951669126993,110,23.11822180235112,98.145,in_progress,0.0
33,18.0,4.927705685699417,5.499046703673727,-133.75240418357916,30.0,2.5,9,43.519091566519144,False,True,6.708436481973445,111,23.11822180235112,98.208,in_progress,0.0
33,19.0,4.860927206955549,5.401759909337321,-129.8178004104312,15.0,2.5,7,44.40209120483942,False,True,7.24889732891949,112,23.11822180235112,98.265,in_progress,0.0
33,20.0,4.807791804402486,5.301247949412726,-124.88800611434635,15.0,1.5,6,41.12708507926774,False,True,7.775417015853547,112,23.11822180235112,98.338,in_progress,0.0
33,21.0,4.754115689374479,5.157667550041747,-116.48947033923903,-30.0,2.5,1,46.59151684542236,False,True,8.471718537538697,113,23.11822180235112,98.402,in_progress,0.0
33,22.0,4.721980199554715,5.050819990096132,-112.42157475956107,15.0,1.5,6,43.10944502307321,False,True,8.989077905076105,114,23.11822180235112,98.469,in_progress,0.0
33,23.0,4.68599476126476,4.907678970312527,-108.22548937927051,-15.0,2.5,3,48.2238591933144,False,True,9.653987614462311,115,23.11822180235112,98.535,in_progress,0.0
33,24.0,4.6649900639746535,4.801451807528024,-105.38869884195574,-30.0,2.5,1,48.40058328448665,False,True,10.116139988276796,116,23.11822180235112,98.613,in_progress,0.0
33,25.0,4.633078261003826,4.666142021052354,-104.43528761320025,30.0,2.5,9,49.17541858848122,False,True,10.731354647120305,117,23.11822180235112,98.675,in_progress,0.0
33,26.0,4.595728856722954,4.523119103195283,-104.49623429933312,-30.0,2.5,1,49.93461709697919,False,True,11.35800044521459,118,23.11822180235112,98.74,in_progress,0.0
33,27.0,4.551375112878924,4.355471793133295,-104.82252712787776,30.0,1.5,8,46.88660896358014,False,True,12.051884420166637,119,23.11822180235112,98.795,in_progress,0.0
33,28.0,4.518557530119353,4.231211864891127,-104.82998233431867,15.0,1.5,6,46.83899869260501,False,True,12.484919633929403,120,23.11822180235112,98.87,in_progress,0.0
33,29.0,4.4883483185064215,4.104115956491178,-104.06951557442208,30.0,1.5,8,46.45132303045422,False,True,12.818383678831724,120,23.11822180235112,98.936,in_progress,0.0
33,30.0,4.465392660062859,3.967924512720477,-101.84253538402149,-30.0,1.5,0,46.72401365334447,False,True,13.342204096003341,121,23.11822180235112,99.013,in_progress,0.0
33,31.0,4.453449935742198,3.8498598262689248,-99.09777226797603,0.0,2.5,5,49.5401726617979,False,True,13.419953525157347,121,23.11822180235112,99.075,in_progress,0.0
33,32.0,4.443391884996314,3.7257375833157624,-97.10865655411322,15.0,1.5,6,0.01,False,False,13.775811570542862,122,23.11822180235112,99.136,in_progress,0.0
33,33.0,4.438687797341253,3.5809766653408683,-94.39384778364641,-30.0,2.5,1,0.01,False,False,14.073929136080586,122,23.11822180235112,99.212,in_progress,0.0
33,34.0,4.440439964813834,3.451683319386442,-92.1259721452085,0.0,1.5,4,0.01,False,False,14.073929136080586,122,23.11822180235112,99.267,in_progress,0.0
33,35.0,4.442563217543888,3.332737759325232,-90.7070544154754,15.0,1.5,6,0.01,True,False,14.126174572818396,122,23.11822180235112,99.345,off_track,0.0
34,1.0,5.057330515493615,5.72592616601365,-145.10270376442418,-15.0,1.5,2,0.0,False,True,0.6066878787541197,109,23.11822180235112,99.658,prepare,0.0
34,2.0,5.057144993032973,5.725992624371784,-145.13784472673606,-30.0,1.5,0,32.60492611839608,False,True,0.6070985223679215,109,23.11822180235112,99.741,in_progress,0.0
34,3.0,5.053297884133416,5.724443890308357,-145.41219162167548,30.0,1.5,8,23.050056605388974,False,True,0.6240016981616692,109,23.11822180235112,99.807,in_progress,0.0
34,4.0,5.037046399920561,5.710473746430464,-144.89449776368963,15.0,1.5,6,20.16732473394231,False,True,0.7166929893576923,109,23.11822180235112,99.879,in_progress,0.0
34,5.0,5.009434655639043,5.688593424809806,-144.47249680939169,30.0,1.5,8,19.62722161166433,False,True,0.8688610805832164,109,23.11822180235112,99.944,in_progress,0.0
34,6.0,4.973263861003546,5.652207303249688,-142.44995514871636,-15.0,1.5,2,20.42219563085041,False,True,1.0903317378510247,110,23.11822180235112,100.008,in_progress,0.0
34,7.0,4.9270795245095185,5.6038859013028315,-140.28291900709374,15.0,2.5,7,25.957975895478317,False,True,1.379558312683482,110,23.11822180235112,100.07,in_progress,0.0
34,8.0,4.86594981392948,5.536896475480086,-137.511950410849,0.0,1.5,4,24.397536189513207,False,True,1.7718028951610565,111,23.11822180235112,100.14,in_progress,0.0
34,9.0,4.811783574027798,5.472574122360859,-135.1087165583838,15.0,2.5,7,29.991215856991747,False,True,2.1367094271292575,111,23.11822180235112,100.196,in_progress,0.0
34,10.0,4.75347991089475,5.395828119360564,-132.2335916797252,-30.0,1.5,0,27.794151742192376,False,True,2.554415174219238,112,23.11822180235112,100.278,in_progress,0.0
34,11.0,4.690391279466526,5.307989315988494,-129.6491901111044,-15.0,2.5,3,33.71681790989076,False,True,3.021349970087983,113,23.11822180235112,100.329,in_progress,0.0
34,12.0,4.616024206638605,5.208747931910632,-128.4951937381734,-30.0,1.5,0,31.826338269127106,False,True,3.549160592295253,114,23.11822180235112,100.413,in_progress,0.0
34,13.0,4.547746800325931,5.1242308604894005,-128.51601918142768,30.0,2.5,9,36.98792960183013,False,True,3.9959308482379163,114,23.11822180235112,100.477,in_progress,0.0
34,14.0,4.471644379391191,5.041035147687,-130.18295499039039,30.0,2.5,9,38.08384722299303,False,True,4.456738611219024,115,23.11822180235112,100.548,in_progress,0.0
34,15.0,4.379999243630377,4.931786363034994,-130.08817187521075,0.0,1.5,4,35.72275280000954,False,True,5.020912920001431,116,23.11822180235112,100.612,in_progress,0.0
34,16.0,4.3038926010848035,4.830175466841557,-128.448316042502,30.0,1.5,8,36.82674883507442,False,True,5.532279813611907,117,23.11822180235112,100.67,in_progress,0.0
34,17.0,4.222767895023756,4.700329052861166,-124.98387360874128,-15.0,2.5,3,42.65330346296249,False,True,6.188561588703623,118,23.11822180235112,100.745,in_progress,0.0
34,18.0,4.183189920291033,4.623059014690019,-122.37973001325973,15.0,1.5,6,38.97177099769685,False,True,6.609918779585433,118,23.11822180235112,100.8,in_progress,0.0
34,19.0,4.1171643451354205,4.469506467449982,-117.094661600397,-30.0,1.5,0,41.340725721401206,False,True,7.427237887066229,119,23.11822180235112,100.88,in_progress,0.0
34,20.0,4.087796583879501,4.382939618464659,-114.14542153984083,15.0,2.5,7,45.98010653102299,False,True,7.946021306204598,120,23.11822180235112,100.943,in_progress,0.0
34,21.0,4.048950770267526,4.254235699667204,-110.64731845560794,-15.0,1.5,2,43.20529967569271,False,True,8.60061293189547,121,23.11822180235112,101.007,in_progress,0.0
34,22.0,4.017773736692675,4.131617432503793,-107.72111835282853,0.0,2.5,5,47.36946049007957,False,True,9.046281307817505,122,23.11822180235112,101.067,in_progress,0.0
34,23.0,3.9855037246345697,3.9927666078830506,-105.29670052952268,30.0,2.5,9,47.57284634238667,False,True,9.504254658748934,123,23.11822180235112,101.14,in_progress,0.0
34,24.0,3.9639621212659417,3.8665101359260974,-102.72742909999931,15.0,1.5,6,42.870190607704075,False,True,9.748845745848978,123,23.11822180235112,101.206,in_progress,0.0
34,25.0,3.954171094342187,3.7342539713533487,-98.56007008050774,-15.0,1.5,2,42.189472036421805,False,True,9.984868009105451,123,23.11822180235112,101.271,in_progress,0.0
34,26.0,3.952577898525268,3.5827728558111414,-94.31544924340938,-30.0,2.5,1,45.542719397232254,False,True,10.216107043280386,124,23.11822180235112,101.339,in_progress,0.0
34,27.0,3.9498671574108966,3.48386544657971,-93.3399642053972,0.0,2.5,5,44.67177281796486,False,True,10.373878660850512,124,23.11822180235112,101.408,in_progress,0.0
34,28.0,3.9373937201816767,3.329184167387675,-93.9603858683313,0.0,1.5,4,0.01,False,False,10.44321587655933,124,23.11822180235112,101.469,in_progress,0.0
34,29.0,3.922947978683463,3.18886209279229,-94.93220270936163,-15.0,1.5,2,0.01,True,False,10.668403141461702,124,23.11822180235112,101.54,off_track,0.0
35,1.0,4.454327348010487,4.759314367642075,-110.59290521301024,0.0,2.5,5,0.0,False,True,0.6065141469685842,117,23.11822180235112,101.873,prepare,0.0
35,2.0,4.4546795305705045,4.759388782586409,-110.53118766727559,15.0,2.5,7,36.53534365758284,False,True,0.6057068731516568,117,23.11822180235112,101.943,in_progress,0.0
35,3.0,4.450816448416388,4.750704895542826,-110.6330869367104,30.0,1.5,8,23.806056123982113,False,True,0.6466816837194633,117,23.11822180235112,102.01,in_progress,0.0
35,4.0,4.442500663308147,4.7184316121524095,-109.8046053339902,-30.0,1.5,0,22.008160188101115,False,True,0.7903264075240446,117,23.11822180235112,102.077,in_progress,0.0
35,5.0,4.432024742731176,4.689341302744572,-109.81643897987269,30.0,1.5,8,20.731613584753198,False,True,0.9240806792376599,117,23.11822180235112,102.143,in_progress,0.0
35,6.0,4.418346500314862,4.645588982242278,-109.34264612258521,-15.0,2.5,3,24.95271102851854,False,True,1.1221626617111125,117,23.11822180235112,102.208,in_progress,0.0
35,7.0,4.398627447277488,4.580534630263676,-108.67191894702538,-15.0,1.5,2,22.475316028187176,False,True,1.4157721219731023,118,23.11822180235112,102.268,in_progress,0.0
35,8.0,4.375763021157057,4.5130184585804365,-108.63371149188576,-30.0,2.5,1,27.77492689539029,False,True,1.7219941516312232,118,23.11822180235112,102.345,in_progress,0.0
35,9.0,4.333720868295907,4.419181219820292,-110.78607887816446,15.0,2.5,7,30.278173255021702,False,True,2.162535592951953,119,23.11822180235112,102.406,in_progress,0.0
35,10.0,4.284165373042446,4.32589902411041,-113.61648226482791,-30.0,2.5,1,32.44358891521706,False,True,2.619358891521706,120,23.11822180235112,102.471,in_progress,0.0
35,11.0,4.217135479688572,4.210646414386282,-116.73727093886225,-15.0,1.5,2,31.1956313144362,False,True,3.184019444587982,121,23.11822180235112,102.537,in_progress,0.0
35,12.0,4.1483317336862315,4.113049084940767,-120.39663513156553,0.0,2.5,5,36.80999465011033,False,True,3.66719935801324,121,23.11822180235112,102.595,in_progress,0.0
35,13.0,4.054950775168675,3.997005081773422,-124.68170153945034,-30.0,1.5,0,34.79925446612109,False,True,4.231403080595742,122,23.11822180235112,102.657,in_progress,0.0
35,14.0,3.9779994919788857,3.9125435002869464,-127.91233233465954,15.0,1.5,6,35.807981584170776,False,True,4.698117421783909,123,23.11822180235112,102.736,in_progress,0.0
35,15.0,3.8805308014007744,3.815862791632851,-131.42412656139564,15.0,2.5,7,40.66992613918325,False,True,5.162988920877487,124,23.11822180235112,102.811,in_progress,0.0
35,16.0,3.795588189050963,3.733405351909091,-133.37074494761822,15.0,1.5,6,36.987650063076174,False,True,5.558024010092188,124,23.11822180235112,102.877,in_progress,0.0
35,17.0,3.7021515330828882,3.639699465181342,-133.99496377960045,-15.0,2.5,3,41.7528303917103,False,True,6.035481166590751,125,23.11822180235112,102.941,in_progress,0.0
35,18.0,3.624830203564254,3.5629064387734846,-134.51598135934253,30.0,1.5,8,37.72927967436514,False,True,6.386270341385725,126,23.11822180235112,103.003,in_progress,0.0
35,19.0,3.532358017302957,3.4729202679311806,-135.07654325929505,30.0,1.5,8,37.937277975015675,False,True,6.780582815252978,126,23.11822180235112,103.081,in_progress,0.0
35,20.0,3.4426515005693714,3.3742315055543184,-133.7429691196258,15.0,1.5,6,38.435069807451065,False,True,7.237013961490213,127,23.11822180235112,103.137,in_progress,0.0
35,21.0,3.362003964134892,3.2652557947096494,-130.27955255054968,-15.0,1.5,2,0.01,False,False,7.4918294347378955,127,23.11822180235112,103.194,in_progress,0.0
35,22.0,3.316984086386482,3.200582767382643,-128.60590040638505,15.0,2.5,7,0.01,False,False,7.7157344312849485,128,23.11822180235112,103.279,in_progress,0.0
35,23.0,3.2367094044722093,3.083534988788199,-126.53228333384448,0.0,2.5,5,0.01,True,False,7.997316751353245,128,23.11822180235112,103.339,off_track,0.0
36,1.0,3.724561742765897,3.9439595313290505,-159.9294997900288,-30.0,2.5,1,0.0,False,True,0.6060110356861381,124,23.11822180235112,103.601,prepare,0.0
36,2.0,3.7246893913509496,3.9440307508520016,-159.95198184393828,15.0,1.5,6,32.51979570657507,False,True,0.6053959141315013,124,23.11822180235112,103.678,in_progress,0.0
36,3.0,3.7177704745444817,3.941119926468474,-159.84016671247332,0.0,1.5,4,23.504014017955125,False,True,0.6376204205386538,124,23.11822180235112,103.742,in_progress,0.0
36,4.0,3.6946582745882366,3.929729398806947,-159.23412764637646,-15.0,2.5,3,24.93063199005482,False,True,0.7472252796021928,125,23.11822180235112,103.81,in_progress,0.0
36,5.0,3.669515123755414,3.9192469998760986,-159.05305119755903,15.0,1.5,6,19.534319134695636,False,True,0.8642159567347818,125,23.11822180235112,103.835,in_progress,0.0
36,6.0,3.595192378689865,3.887200182054613,-158.40208065533727,-30.0,1.5,0,22.34021683601083,False,True,1.2054130101606497,125,23.11822180235112,103.947,in_progress,0.0
36,7.0,3.5429976330533237,3.8654939972972002,-158.2109579286013,15.0,2.5,7,26.91042567331291,False,True,1.4462297971319038,126,23.11822180235112,104.013,in_progress,0.0
36,8.0,3.4775423654724853,3.839731494273165,-158.26626931551712,0.0,1.5,4,23.972763229268804,False,True,1.7378210583415044,126,23.11822180235112,104.073,in_progress,0.0
36,9.0,3.3995712630845785,3.808640566600851,-158.20480530035397,-15.0,1.5,2,25.50951167531315,False,True,2.0933560507781834,127,23.11822180235112,104.151,in_progress,0.0
36,10.0,3.2935621005905897,3.766095219975979,-158.2593295723193,0.0,1.5,4,27.763802021773223,False,True,2.5513802021773224,127,23.11822180235112,104.205,in_progress,0.0
36,11.0,3.206991282722656,3.7367844925422546,-159.31564635163366,-30.0,2.5,1,32.95349063109297,False,True,2.9373839694202264,128,23.11822180235112,104.276,in_progress,0.0
36,12.0,3.0946749924210613,3.7006348417525547,-160.625419352491,15.0,1.5,6,30.469336976334592,False,True,3.3863204371601507,129,23.11822180235112,104.335,in_progress,0.0
36,13.0,3.0013505470300337,3.6756643915750122,-162.15979563352158,30.0,2.5,9,34.82922226062071,False,True,3.715298893880692,129,23.11822180235112,104.412,in_progress,0.0
36,14.0,2.8870567753276566,3.640037988900341,-162.35702166185993,-30.0,2.5,1,36.21483660875944,False,True,4.195077125226321,130,23.11822180235112,104.47,in_progress,0.0
36,15.0,2.742641557420491,3.588636882721809,-161.39406984440672,0.0,2.5,5,37.26809882966725,False,True,4.652714824450088,131,23.11822180235112,104.546,in_progress,0.0
36,16.0,2.6228108542387396,3.5491537559483297,-161.58605641098666,30.0,2.5,9,37.24411557698592,False,True,4.959058492317747,131,23.11822180235112,104.62,in_progress,0.0
36,17.0,2.463436422090028,3.4906331488640427,-160.59766098059276,30.0,2.5,9,38.65440967859,False,True,5.5087496453603,132,23.11822180235112,104.67,in_progress,0.0
36,18.0,2.346004064699519,3.439890656794667,-158.80341068063234,-15.0,2.5,3,0.01,False,False,5.680656765126857,132,23.11822180235112,104.741,in_progress,0.0
36,19.0,2.193921463196007,3.364231661272728,-155.86052116436528,-30.0,2.5,1,0.01,False,False,6.143339444228801,133,23.11822180235112,104.808,in_progress,0.0
36,20.0,2.029547444944425,3.2811185448867364,-154.39754068027122,0.0,2.5,5,0.01,True,False,6.454398737395617,133,23.11822180235112,104.873,off_track,0.0
37,1.0,2.589673085557976,3.9326558313901563,161.30968111912347,15.0,2.5,7,0.0,False,True,0.606391621523561,132,23.11822180235112,105.144,prepare,0.0
37,2.0,2.5897161753906883,3.932543135397496,161.32840608649644,-15.0,2.5,3,36.552920315584124,False,True,0.6060584063116825,132,23.11822180235112,105.218,in_progress,0.0
37,3.0,2.586602447698172,3.93493084790063,160.93779385981446,15.0,2.5,7,27.00114349394521,False,True,0.6225343048183563,132,23.11822180235112,105.268,in_progress,0.0
37,4.0,2.5723127244706694,3.941786500761504,160.47839697667877,-30.0,1.5,0,19.526963131548083,False,True,0.6910785252619234,132,23.11822180235112,105.339,in_progress,0.0
37,5.0,2.537989893401558,3.9530364924132266,160.69003764660968,0.0,2.5,5,23.17701917168682,False,True,0.846350958584341,132,23.11822180235112,105.411,in_progress,0.0
37,6.0,2.4953433022646294,3.970542258541332,160.08302305987905,30.0,2.5,9,23.676866022589582,False,True,1.045611961355375,133,23.11822180235112,105.465,in_progress,0.0
37,7.0,2.4188132496683457,3.9947055269163827,160.7989454728812,30.0,2.5,9,26.060662202874386,False,True,1.386746354201207,133,23.11822180235112,105.532,in_progress,0.0
37,8.0,2.357813148628641,4.007522352886381,162.6151414093223,0.0,1.5,4,22.82976182346821,False,True,1.646380945877457,134,23.11822180235112,105.6,in_progress,0.0
37,9.0,2.2647275921628585,4.022259148638652,165.53460450183547,-30.0,1.5,0,24.861418767057362,False,True,2.0350276890351626,134,23.11822180235112,105.657,in_progress,0.0
37,10.0,2.1598170297616535,4.041655276755785,166.98392627593222,-15.0,1.5,2,27.022965392074966,False,True,2.4772965392074964,135,23.11822180235112,105.753,in_progress,0.0
37,11.0,2.058880903583989,4.063979071508282,167.20567647929363,0.0,2.5,5,32.992708545457866,False,True,2.941697940000365,136,23.11822180235112,105.802,in_progress,0.0
37,12.0,1.9769933696160147,4.082164635486099,167.2447088169962,30.0,1.5,8,30.194913796194292,False,True,3.353389655543315,136,23.11822180235112,105.874,in_progress,0.0
37,13.0,1.8690294556902933,4.101370042364304,168.29834275392238,-15.0,1.5,2,31.66137799790917,False,True,3.823479139728192,137,23.11822180235112,105.932,in_progress,0.0
37,14.0,1.7530904367824585,4.115187022320824,170.3940437789774,15.0,2.5,7,37.648857865371625,False,True,4.395840101152027,138,23.11822180235112,106.0,in_progress,0.0
37,15.0,1.606914183689756,4.125474292855553,173.24650090512603,15.0,1.5,6,36.257752973054025,False,True,5.101162945958104,139,23.11822180235112,106.077,in_progress,0.0
37,16.0,1.508642037435532,4.1235782300617085,176.25512915085912,0.0,2.5,5,41.17072681857389,False,True,5.587316290971822,140,23.11822180235112,106.149,in_progress,0.0
37,17.0,1.3668442250571746,4.11294312170468,-179.90492883934692,0.0,1.5,4,39.08537085817956,False,True,6.262013045890525,141,23.11822180235112,106.209,in_progress,0.0
37,18.0,1.1874839107749762,4.090826895808448,-175.82904527570034,-15.0,2.5,3,45.71157322562717,False,True,7.10308318061289,142,23.11822180235112,106.276,in_progress,0.0
37,19.0,1.1313793364312061,4.085160548127293,-175.4544424712118,30.0,1.5,8,41.3200486418118,False,True,7.423309241944242,142,23.11822180235112,106.35,in_progress,0.0
37,20.0,1.0159645351133182,4.0712182579101,-174.46500086923425,15.0,2.5,7,46.216932641617824,False,True,7.993386528323565,143,23.11822180235112,106.397,in_progress,0.0
37,21.0,0.8227982276989134,4.036833910282551,-171.67057917709548,-15.0,2.5,3,48.4718193715162,False,True,8.866582068018403,145,23.11822180235112,106.47,in_progress,0.0
37,22.0,0.7480854474641703,4.023428177804367,-171.20395900998398,-30.0,2.5,1,48.048697078941856,False,True,9.195713357367207,145,23.11822180235112,106.534,in_progress,0.0
37,23.0,0.5935107554650584,4.000971298408828,-171.5574228673535,15.0,1.5,6,44.687192823792195,False,True,9.760554349472205,146,23.11822180235112,106.597,in_progress,0.0
37,24.0,0.4453499895866151,3.9858221861475482,-172.84934555098573,30.0,2.5,9,48.67763694029881,False,True,10.182632865671714,147,23.11822180235112,106.669,in_progress,0.0
37,25.0,0.30730803861038447,3.9654985889245746,-172.15676548554686,30.0,1.5,8,44.117494822627194,False,True,10.466873705656798,147,23.11822180235112,106.731,in_progress,0.0
37,26.0,0.17722803861889422,3.9320889675682573,-169.0612971359104,15.0,1.5,6,44.09089165175956,False,True,10.878631829457486,148,23.11822180235112,106.811,in_progress,0.0
37,27.0,0.052796031448756026,3.888854829556018,-165.02578927651248,0.0,2.5,5,47.27895596657396,False,True,11.077818110974968,148,23.11822180235112,106.873,in_progress,0.0
37,28.0,-0.052410779089427345,3.8459861168769205,-162.09526869358476,-15.0,1.5,2,43.02194885429446,False,True,11.41614567920245,149,23.11822180235112,106.942,in_progress,0.0
37,29.0,-0.17951596191205005,3.7943297306916506,-160.10138743568447,30.0,2.5,9,0.01,False,False,11.731504728041397,149,23.11822180235112,107.0,in_progress,0.0
37,30.0,-0.2938385625566794,3.744838120434976,-158.51182039948225,-30.0,2.5,1,0.01,False,False,11.880255790113846,149,23.11822180235112,107.068,in_progress,0.0
37,31.0,-0.4139046089643273,3.686835347083002,-156.56541798921813,0.0,2.5,5,0.01,True,False,12.26901687154528,150,23.11822180235112,107.134,off_track,0.0
38,1.0,1.5049300759052728,4.293073228411586,174.78946665256996,0.0,1.5,4,0.0,False,True,0.604341068841685,140,23.11822180235112,107.412,prepare,0.0
38,2.0,1.5049185277779418,4.2930786103338585,174.77916255195848,15.0,2.5,7,36.469552601785104,False,True,0.6043910520357021,140,23.11822180235112,107.481,in_progress,0.0
38,3.0,1.500879874174619,4.29536273708163,174.1962148981888,30.0,2.5,9,26.979121834280143,False,True,0.6218736550284043,140,23.11822180235112,107.542,in_progress,0.0
38,4.0,1.4842825358743457,4.296884333291386,174.12940180450846,0.0,2.5,5,23.591890069023925,False,True,0.693675602760957,140,23.11822180235112,107.61,in_progress,0.0
38,5.0,1.4540156158582451,4.296344119444107,174.90999817048498,-15.0,2.5,3,22.741895109469688,False,True,0.8245947554734845,140,23.11822180235112,107.672,in_progress,0.0
38,6.0,1.4045052541056546,4.296880558239588,175.80821187184796,30.0,1.5,8,19.476065626147665,False,True,1.03356393756886,140,23.11822180235112,107.742,in_progress,0.0
38,7.0,1.3417103801376116,4.295935799032746,177.0529840042057,0.0,1.5,4,20.88699040787473,False,True,1.304589328551231,141,23.11822180235112,107.805,in_progress,0.0
38,8.0,1.2781931445947718,4.291746721085409,178.68170924869045,0.0,1.5,4,21.898106266577788,False,True,1.571848501326223,141,23.11822180235112,107.87,in_progress,0.0
38,9.0,1.1983375201850832,4.289609645679647,179.48698894088312,15.0,1.5,6,23.516790451822672,False,True,1.9140111406640403,142,23.11822180235112,107.94,in_progress,0.0
38,10.0,1.075688031594161,4.275402464169956,-177.3602780794831,-15.0,2.5,3,30.501718611454475,False,True,2.4251718611454476,142,23.11822180235112,108.009,in_progress,0.0
38,11.0,0.9925577086575743,4.262918992953266,-175.49719753568712,30.0,2.5,9,31.57321231908638,False,True,2.7855533550995015,143,23.11822180235112,108.061,in_progress,0.0
38,12.0,0.8781728015336058,4.241055261685245,-172.81436621421594,-30.0,1.5,0,29.27421772445063,False,True,3.2429061269340753,144,23.11822180235112,108.125,in_progress,0.0
38,13.0,0.7661818041643969,4.209415266922278,-169.2279439304509,30.0,2.5,9,34.49942261933681,False,True,3.6724249405137854,144,23.11822180235112,108.21,in_progress,0.0
38,14.0,0.6758242827628896,4.18541829096677,-167.77465239246266,15.0,2.5,7,35.2350062102107,False,True,4.057900869429498,145,23.11822180235112,108.275,in_progress,0.0
38,15.0,0.5248391650890967,4.132073543144143,-163.90106112549694,-30.0,1.5,0,32.96173755040298,False,True,4.606760632560447,146,23.11822180235112,108.331,in_progress,0.0
38,16.0,0.4013386045339399,4.083406440181691,-161.403980724858,-30.0,2.5,1,37.35266930938431,False,True,4.97642708950149,146,23.11822180235112,108.41,in_progress,0.0
38,17.0,0.27275936296612474,4.04067056553396,-161.57130700725352,-15.0,2.5,3,38.1543384002815,False,True,5.423737528047856,147,23.11822180235112,108.475,in_progress,0.0
38,18.0,0.17673868429316952,4.013906856752626,-162.6689224102021,0.0,2.5,5,37.225013586894576,False,True,5.575502445641023,147,23.11822180235112,108.539,in_progress,0.0
38,19.0,-0.017945519523481307,3.9641179781662585,-164.5044987254778,15.0,2.5,7,0.01,False,False,6.077818110974964,148,23.11822180235112,108.606,in_progress,0.0
38,20.0,-0.19998047892557763,3.9147688659300157,-164.54927432514066,0.0,2.5,5,0.01,False,False,6.39382787966346,148,23.11822180235112,108.691,in_progress,0.0
38,21.0,-0.3565459140105276,3.866952892860768,-163.7329378668414,15.0,1.5,6,0.01,True,False,6.7315047280413935,149,23.11822180235112,108.721,off_track,0.0
39,1.0,0.5026957185097608,3.8123450160642793,-129.26701559938223,30.0,1.5,8,0.0,False,True,0.604425498181338,147,23.11822180235112,109.097,prepare,0.0
39,2.0,0.5027753661051735,3.812366226678904,-129.25781023669163,-30.0,2.5,1,36.45852882079261,False,True,0.6041705764158523,147,23.11822180235112,109.13,in_progress,0.0
39,3.0,0.49855435275055016,3.8087796124401954,-129.54315636059647,-30.0,1.5,0,23.144550267299326,False,True,0.6268365080189797,147,23.11822180235112,109.204,in_progress,0.0
39,4.0,0.4873210801957747,3.7923689718767286,-129.1136713522535,-15.0,1.5,2,20.067109268398745,False,True,0.7126843707359498,147,23.11822180235112,109.278,in_progress,0.0
39,5.0,0.4638965644543161,3.766860331570837,-129.6233280029041,-30.0,1.5,0,19.43616324903288,False,True,0.8593081624516441,148,23.11822180235112,109.339,in_progress,0.0
39,6.0,0.4171954486508675,3.7219129913447304,-131.32024864666178,0.0,1.5,4,20.752347874969814,False,True,1.1101408724981887,148,23.11822180235112,109.407,in_progress,0.0
39,7.0,0.3746200479839067,3.68717559404596,-133.45094598094911,-15.0,2.5,3,25.117865993046667,False,True,1.3207506195132668,148,23.11822180235112,109.48,in_progress,0.0
39,8.0,0.3176766133181002,3.642794659885881,-135.88199544984508,30.0,1.5,8,22.177082344311923,False,True,1.594166587544954,149,23.11822180235112,109.544,in_progress,0.0
39,9.0,0.23661509793543067,3.5830909502518145,-138.72288378255115,-15.0,2.5,3,27.311398055759582,False,True,1.8955258250183626,149,23.11822180235112,109.601,in_progress,0.0
39,10.0,0.15455427991166137,3.523592569240177,-140.81338393734356,30.0,1.5,8,24.685406224263097,False,True,2.24354062242631,150,23.11822180235112,109.679,in_progress,0.0
39,11.0,0.05826696697554361,3.4536883635417404,-142.11344457296823,30.0,1.5,8,25.23793335192491,False,True,2.52867266871174,150,23.11822180235112,109.746,in_progress,0.0
39,12.0,-0.01502724676158726,3.391938699224092,-141.2852420225947,-15.0,1.5,2,26.007961976395663,False,True,2.8509554371674795,151,23.11822180235112,109.811,in_progress,0.0
39,13.0,-0.10114470380402026,3.3170355830228413,-140.3724150119226,15.0,1.5,6,25.962968690600135,False,True,3.0826859297780174,151,23.11822180235112,109.875,in_progress,0.0
39,14.0,-0.1699435649670697,3.2550534734753467,-139.55349241073796,-30.0,2.5,1,30.395584781405464,False,True,3.3803818693967647,152,23.11822180235112,109.938,in_progress,0.0
39,15.0,-0.24983379991014903,3.1848234664203248,-139.27226635605479,-15.0,2.5,3,0.01,False,False,3.692771450457233,152,23.11822180235112,110.01,in_progress,0.0
39,16.0,-0.3529110228120835,3.1032414965420783,-140.41081316724376,0.0,2.5,5,0.01,False,False,3.898224989669563,152,23.11822180235112,110.072,in_progress,0.0
39,17.0,-0.45719170374022455,3.020905369718225,-141.00332128617964,-30.0,1.5,0,0.01,True,False,4.266683859288156,153,23.11822180235112,110.144,off_track,0.0
